Date;Freight_Price;Oil_Price;crisis_COVID-19 oil crash;crisis_Dot-com crash;crisis_Global financial crisis;crisis_Inflation and rate hikes;crisis_Oil price collapse;crisis_None;war_Arab Spring;war_Crimea crisis;war_Iraq War;war_Ukraine War;war_None;sanctions_Iran sanctions;sanctions_Russia sanctions;sanctions_None;pandemic_COVID-19;pandemic_None;month;year;quarter;is_year_start;is_year_end;sin_month;cos_month;Freight_Lag1;Freight_Lag2;Oil_Lag1;Oil_Lag2;Freight_SMA_3;Oil_SMA_3;has_crisis;has_war;has_sanctions;has_pandemic
2002-08-01;728.0;27.47;0.0;1.0;0.0;0.0;0.0;0.0;0.0;0.0;0.0;0.0;1.0;0.0;0.0;1.0;0.0;1.0;8;2002;3;0;0;-0.8660254037844383;-0.5000000000000003;742.0;733.0;25.44;25.58;734.3333333333334;26.16333333333333;1;0;0;0
2002-09-01;683.0;28.75;0.0;1.0;0.0;0.0;0.0;0.0;0.0;0.0;0.0;0.0;1.0;0.0;0.0;1.0;0.0;1.0;9;2002;3;0;0;-1.0;-1.8369701987210294e-16;728.0;742.0;27.47;25.44;717.6666666666666;27.22;1;0;0;0
2002-10-01;721.0;25.72;0.0;1.0;0.0;0.0;0.0;0.0;0.0;0.0;0.0;0.0;1.0;0.0;0.0;1.0;0.0;1.0;10;2002;4;0;0;-0.8660254037844385;0.5;683.0;728.0;28.75;27.47;710.6666666666666;27.313333333333333;1;0;0;0
2002-11-01;886.0;25.16;0.0;0.0;0.0;0.0;0.0;1.0;0.0;0.0;0.0;0.0;1.0;0.0;0.0;1.0;0.0;1.0;11;2002;4;0;0;-0.5000000000000003;0.8660254037844383;721.0;683.0;25.72;28.75;763.3333333333334;26.543333333333333;0;0;0;0
2002-12-01;1033.0;28.66;0.0;0.0;0.0;0.0;0.0;1.0;0.0;0.0;0.0;0.0;1.0;0.0;0.0;1.0;0.0;1.0;12;2002;4;0;0;-2.4492935982947064e-16;1.0;886.0;721.0;25.16;25.72;880.0;26.513333333333332;0;0;0;0
2003-01-01;1061.0;31.1;0.0;0.0;0.0;0.0;0.0;1.0;0.0;0.0;0.0;0.0;1.0;0.0;0.0;1.0;0.0;1.0;1;2003;1;1;0;0.4999999999999999;0.8660254037844386;1033.0;886.0;28.66;25.16;993.3333333333334;28.30666666666667;0;0;0;0
2003-02-01;1183.0;32.79;0.0;0.0;0.0;0.0;0.0;1.0;0.0;0.0;0.0;0.0;1.0;0.0;0.0;1.0;0.0;1.0;2;2003;1;0;0;0.8660254037844385;0.5000000000000001;1061.0;1033.0;31.1;28.66;1092.3333333333333;30.850000000000005;0;0;0;0
2003-03-01;1441.0;27.18;0.0;0.0;0.0;0.0;0.0;1.0;0.0;0.0;1.0;0.0;0.0;0.0;0.0;1.0;0.0;1.0;3;2003;1;0;0;1.0;6.123233995736766e-17;1183.0;1061.0;32.79;31.1;1228.3333333333333;30.35666666666667;0;1;0;0
2003-04-01;1153.0;23.68;0.0;0.0;0.0;0.0;0.0;1.0;0.0;0.0;1.0;0.0;0.0;0.0;0.0;1.0;0.0;1.0;4;2003;2;0;0;0.8660254037844387;-0.4999999999999997;1441.0;1183.0;27.18;32.79;1259.0;27.883333333333336;0;1;0;0
2003-05-01;918.0;26.32;0.0;0.0;0.0;0.0;0.0;1.0;0.0;0.0;1.0;0.0;0.0;0.0;0.0;1.0;0.0;1.0;5;2003;2;0;0;0.4999999999999999;-0.8660254037844386;1153.0;1441.0;23.68;27.18;1170.6666666666667;25.72666666666667;0;1;0;0
2003-06-01;874.0;28.33;0.0;0.0;0.0;0.0;0.0;1.0;0.0;0.0;1.0;0.0;0.0;0.0;0.0;1.0;0.0;1.0;6;2003;2;0;0;1.2246467991473532e-16;-1.0;918.0;1153.0;26.32;23.68;981.6666666666666;26.110000000000003;0;1;0;0
2003-07-01;1095.0;28.37;0.0;0.0;0.0;0.0;0.0;1.0;0.0;0.0;1.0;0.0;0.0;0.0;0.0;1.0;0.0;1.0;7;2003;3;0;0;-0.4999999999999997;-0.8660254037844387;874.0;918.0;28.33;26.32;962.3333333333334;27.673333333333336;0;1;0;0
2003-08-01;1049.0;29.49;0.0;0.0;0.0;0.0;0.0;1.0;0.0;0.0;1.0;0.0;0.0;0.0;0.0;1.0;0.0;1.0;8;2003;3;0;0;-0.8660254037844383;-0.5000000000000003;1095.0;874.0;28.37;28.33;1006.0;28.73;0;1;0;0
2003-09-01;888.0;27.61;0.0;0.0;0.0;0.0;0.0;1.0;0.0;0.0;1.0;0.0;0.0;0.0;0.0;1.0;0.0;1.0;9;2003;3;0;0;-1.0;-1.8369701987210294e-16;1049.0;1095.0;29.49;28.37;1010.6666666666666;28.49;0;1;0;0
2003-10-01;840.0;27.7;0.0;0.0;0.0;0.0;0.0;1.0;0.0;0.0;1.0;0.0;0.0;0.0;0.0;1.0;0.0;1.0;10;2003;4;0;0;-0.8660254037844385;0.5;888.0;1049.0;27.61;29.49;925.6666666666666;28.266666666666666;0;1;0;0
2003-11-01;991.0;28.45;0.0;0.0;0.0;0.0;0.0;1.0;0.0;0.0;1.0;0.0;0.0;0.0;0.0;1.0;0.0;1.0;11;2003;4;0;0;-0.5000000000000003;0.8660254037844383;840.0;888.0;27.7;27.61;906.3333333333334;27.92;0;1;0;0
2003-12-01;1099.0;30.17;0.0;0.0;0.0;0.0;0.0;1.0;0.0;0.0;1.0;0.0;0.0;0.0;0.0;1.0;0.0;1.0;12;2003;4;0;0;-2.4492935982947064e-16;1.0;991.0;840.0;28.45;27.7;976.6666666666666;28.773333333333337;0;1;0;0
2004-01-01;1327.0;29.18;0.0;0.0;0.0;0.0;0.0;1.0;0.0;0.0;0.0;0.0;1.0;0.0;0.0;1.0;0.0;1.0;1;2004;1;1;0;0.4999999999999999;0.8660254037844386;1099.0;991.0;30.17;28.45;1139.0;29.26666666666667;0;0;0;0
2004-02-01;1469.0;32.23;0.0;0.0;0.0;0.0;0.0;1.0;0.0;0.0;0.0;0.0;1.0;0.0;0.0;1.0;0.0;1.0;2;2004;1;0;0;0.8660254037844385;0.5000000000000001;1327.0;1099.0;29.18;30.17;1298.3333333333333;30.52666666666667;0;0;0;0
2004-03-01;1042.0;31.51;0.0;0.0;0.0;0.0;0.0;1.0;0.0;0.0;0.0;0.0;1.0;0.0;0.0;1.0;0.0;1.0;3;2004;1;0;0;1.0;6.123233995736766e-17;1469.0;1327.0;32.23;29.18;1279.3333333333333;30.973333333333333;0;0;0;0
2004-04-01;908.0;34.48;0.0;0.0;0.0;0.0;0.0;1.0;0.0;0.0;0.0;0.0;1.0;0.0;0.0;1.0;0.0;1.0;4;2004;2;0;0;0.8660254037844387;-0.4999999999999997;1042.0;1469.0;31.51;32.23;1139.6666666666667;32.74;0;0;0;0
2004-05-01;1100.0;36.58;0.0;0.0;0.0;0.0;0.0;1.0;0.0;0.0;0.0;0.0;1.0;0.0;0.0;1.0;0.0;1.0;5;2004;2;0;0;0.4999999999999999;-0.8660254037844386;908.0;1042.0;34.48;31.51;1016.6666666666666;34.190000000000005;0;0;0;0
2004-06-01;1113.0;34.5;0.0;0.0;0.0;0.0;0.0;1.0;0.0;0.0;0.0;0.0;1.0;0.0;0.0;1.0;0.0;1.0;6;2004;2;0;0;1.2246467991473532e-16;-1.0;1100.0;908.0;36.58;34.48;1040.3333333333333;35.18666666666667;0;0;0;0
2004-07-01;1025.0;40.03;0.0;0.0;0.0;0.0;0.0;1.0;0.0;0.0;0.0;0.0;1.0;0.0;0.0;1.0;0.0;1.0;7;2004;3;0;0;-0.4999999999999997;-0.8660254037844387;1113.0;1100.0;34.5;36.58;1079.3333333333333;37.03666666666667;0;0;0;0
2004-08-01;1032.0;39.61;0.0;0.0;0.0;0.0;0.0;1.0;0.0;0.0;0.0;0.0;1.0;0.0;0.0;1.0;0.0;1.0;8;2004;3;0;0;-0.8660254037844383;-0.5000000000000003;1025.0;1113.0;40.03;34.5;1056.6666666666667;38.046666666666674;0;0;0;0
2004-09-01;1057.0;46.38;0.0;0.0;0.0;0.0;0.0;1.0;0.0;0.0;0.0;0.0;1.0;0.0;0.0;1.0;0.0;1.0;9;2004;3;0;0;-1.0;-1.8369701987210294e-16;1032.0;1025.0;39.61;40.03;1038.0;42.00666666666667;0;0;0;0
2004-10-01;1757.0;48.98;0.0;0.0;0.0;0.0;0.0;1.0;0.0;0.0;0.0;0.0;1.0;0.0;0.0;1.0;0.0;1.0;10;2004;4;0;0;-0.8660254037844385;0.5;1057.0;1032.0;46.38;39.61;1282.0;44.99;0;0;0;0
2004-11-01;1755.0;45.51;0.0;0.0;0.0;0.0;0.0;1.0;0.0;0.0;0.0;0.0;1.0;0.0;0.0;1.0;0.0;1.0;11;2004;4;0;0;-0.5000000000000003;0.8660254037844383;1757.0;1057.0;48.98;46.38;1523.0;46.95666666666667;0;0;0;0
2004-12-01;1619.0;40.46;0.0;0.0;0.0;0.0;0.0;1.0;0.0;0.0;0.0;0.0;1.0;0.0;0.0;1.0;0.0;1.0;12;2004;4;0;0;-2.4492935982947064e-16;1.0;1755.0;1757.0;45.51;48.98;1710.3333333333333;44.98333333333334;0;0;0;0
2005-01-01;1309.0;45.92;0.0;0.0;0.0;0.0;0.0;1.0;0.0;0.0;0.0;0.0;1.0;0.0;0.0;1.0;0.0;1.0;1;2005;1;1;0;0.4999999999999999;0.8660254037844386;1619.0;1755.0;40.46;45.51;1561.0;43.96333333333334;0;0;0;0
2005-02-01;1250.0;50.06;0.0;0.0;0.0;0.0;0.0;1.0;0.0;0.0;0.0;0.0;1.0;0.0;0.0;1.0;0.0;1.0;2;2005;1;0;0;0.8660254037844385;0.5000000000000001;1309.0;1619.0;45.92;40.46;1392.6666666666667;45.48000000000001;0;0;0;0
2005-03-01;1285.0;54.29;0.0;0.0;0.0;0.0;0.0;1.0;0.0;0.0;0.0;0.0;1.0;0.0;0.0;1.0;0.0;1.0;3;2005;1;0;0;1.0;6.123233995736766e-17;1250.0;1309.0;50.06;45.92;1281.3333333333333;50.09;0;0;0;0
2005-04-01;1173.0;51.09;0.0;0.0;0.0;0.0;0.0;1.0;0.0;0.0;0.0;0.0;1.0;0.0;0.0;1.0;0.0;1.0;4;2005;2;0;0;0.8660254037844387;-0.4999999999999997;1285.0;1250.0;54.29;50.06;1236.0;51.81333333333333;0;0;0;0
2005-05-01;1039.0;50.73;0.0;0.0;0.0;0.0;0.0;1.0;0.0;0.0;0.0;0.0;1.0;0.0;0.0;1.0;0.0;1.0;5;2005;2;0;0;0.4999999999999999;-0.8660254037844386;1173.0;1285.0;51.09;54.29;1165.6666666666667;52.03666666666667;0;0;0;0
2005-06-01;1122.0;55.58;0.0;0.0;0.0;0.0;0.0;1.0;0.0;0.0;0.0;0.0;1.0;0.0;0.0;1.0;0.0;1.0;6;2005;2;0;0;1.2246467991473532e-16;-1.0;1039.0;1173.0;50.73;51.09;1111.3333333333333;52.46666666666667;0;0;0;0
2005-07-01;989.0;59.37;0.0;0.0;0.0;0.0;0.0;1.0;0.0;0.0;0.0;0.0;1.0;0.0;0.0;1.0;0.0;1.0;7;2005;3;0;0;-0.4999999999999997;-0.8660254037844387;1122.0;1039.0;55.58;50.73;1050.0;55.22666666666667;0;0;0;0
2005-08-01;1212.0;67.02;0.0;0.0;0.0;0.0;0.0;1.0;0.0;0.0;0.0;0.0;1.0;0.0;0.0;1.0;0.0;1.0;8;2005;3;0;0;-0.8660254037844383;-0.5000000000000003;989.0;1122.0;59.37;55.58;1107.6666666666667;60.656666666666666;0;0;0;0
2005-09-01;1797.0;63.48;0.0;0.0;0.0;0.0;0.0;1.0;0.0;0.0;0.0;0.0;1.0;0.0;0.0;1.0;0.0;1.0;9;2005;3;0;0;-1.0;-1.8369701987210294e-16;1212.0;989.0;67.02;59.37;1332.6666666666667;63.29;0;0;0;0
2005-10-01;1842.0;58.1;0.0;0.0;0.0;0.0;0.0;1.0;0.0;0.0;0.0;0.0;1.0;0.0;0.0;1.0;0.0;1.0;10;2005;4;0;0;-0.8660254037844385;0.5;1797.0;1212.0;63.48;67.02;1617.0;62.86666666666667;0;0;0;0
2005-11-01;1316.0;55.05;0.0;0.0;0.0;0.0;0.0;1.0;0.0;0.0;0.0;0.0;1.0;0.0;0.0;1.0;0.0;1.0;11;2005;4;0;0;-0.5000000000000003;0.8660254037844383;1842.0;1797.0;58.1;63.48;1651.6666666666667;58.876666666666665;0;0;0;0
2005-12-01;1587.0;58.98;0.0;0.0;0.0;0.0;0.0;1.0;0.0;0.0;0.0;0.0;1.0;0.0;0.0;1.0;0.0;1.0;12;2005;4;0;0;-2.4492935982947064e-16;1.0;1316.0;1842.0;55.05;58.1;1581.6666666666667;57.37666666666667;0;0;0;0
2006-01-01;1394.0;65.99;0.0;0.0;0.0;0.0;0.0;1.0;0.0;0.0;0.0;0.0;1.0;0.0;0.0;1.0;0.0;1.0;1;2006;1;1;0;0.4999999999999999;0.8660254037844386;1587.0;1316.0;58.98;55.05;1432.3333333333333;60.00666666666666;0;0;0;0
2006-02-01;1005.0;61.76;0.0;0.0;0.0;0.0;0.0;1.0;0.0;0.0;0.0;0.0;1.0;0.0;0.0;1.0;0.0;1.0;2;2006;1;0;0;0.8660254037844385;0.5000000000000001;1394.0;1587.0;65.99;58.98;1328.6666666666667;62.24333333333333;0;0;0;0
2006-03-01;816.0;65.91;0.0;0.0;0.0;0.0;0.0;1.0;0.0;0.0;0.0;0.0;1.0;0.0;0.0;1.0;0.0;1.0;3;2006;1;0;0;1.0;6.123233995736766e-17;1005.0;1394.0;61.76;65.99;1071.6666666666667;64.55333333333333;0;0;0;0
2006-04-01;1127.0;72.5;0.0;0.0;0.0;0.0;0.0;1.0;0.0;0.0;0.0;0.0;1.0;0.0;0.0;1.0;0.0;1.0;4;2006;2;0;0;0.8660254037844387;-0.4999999999999997;816.0;1005.0;65.91;61.76;982.6666666666666;66.72333333333333;0;0;0;0
2006-05-01;1045.0;70.41;0.0;0.0;0.0;0.0;0.0;1.0;0.0;0.0;0.0;0.0;1.0;0.0;0.0;1.0;0.0;1.0;5;2006;2;0;0;0.4999999999999999;-0.8660254037844386;1127.0;816.0;72.5;65.91;996.0;69.60666666666667;0;0;0;0
2006-06-01;1076.0;73.51;0.0;0.0;0.0;0.0;0.0;1.0;0.0;0.0;0.0;0.0;1.0;0.0;0.0;1.0;0.0;1.0;6;2006;2;0;0;1.2246467991473532e-16;-1.0;1045.0;1127.0;70.41;72.5;1082.6666666666667;72.14;0;0;0;0
2006-07-01;1227.0;75.15;0.0;0.0;0.0;0.0;0.0;1.0;0.0;0.0;0.0;0.0;1.0;0.0;0.0;1.0;0.0;1.0;7;2006;3;0;0;-0.4999999999999997;-0.8660254037844387;1076.0;1045.0;73.51;70.41;1116.0;73.02333333333333;0;0;0;0
2006-08-01;1263.0;70.25;0.0;0.0;0.0;0.0;0.0;1.0;0.0;0.0;0.0;0.0;1.0;0.0;0.0;1.0;0.0;1.0;8;2006;3;0;0;-0.8660254037844383;-0.5000000000000003;1227.0;1076.0;75.15;73.51;1188.6666666666667;72.97000000000001;0;0;0;0
2006-09-01;1116.0;62.48;0.0;0.0;0.0;0.0;0.0;1.0;0.0;0.0;0.0;0.0;1.0;0.0;0.0;1.0;0.0;1.0;9;2006;3;0;0;-1.0;-1.8369701987210294e-16;1263.0;1227.0;70.25;75.15;1202.0;69.29333333333334;0;0;0;0
2006-10-01;872.0;59.03;0.0;0.0;0.0;0.0;0.0;1.0;0.0;0.0;0.0;0.0;1.0;0.0;0.0;1.0;0.0;1.0;10;2006;4;0;0;-0.8660254037844385;0.5;1116.0;1263.0;62.48;70.25;1083.6666666666667;63.92000000000001;0;0;0;0
2006-11-01;931.0;64.26;0.0;0.0;0.0;0.0;0.0;1.0;0.0;0.0;0.0;0.0;1.0;0.0;0.0;1.0;0.0;1.0;11;2006;4;0;0;-0.5000000000000003;0.8660254037844383;872.0;1116.0;59.03;62.48;973.0;61.923333333333325;0;0;0;0
2006-12-01;1289.0;60.86;0.0;0.0;0.0;0.0;0.0;1.0;0.0;0.0;0.0;0.0;1.0;0.0;0.0;1.0;0.0;1.0;12;2006;4;0;0;-2.4492935982947064e-16;1.0;931.0;872.0;64.26;59.03;1030.6666666666667;61.38333333333333;0;0;0;0
2007-01-01;911.0;57.4;0.0;0.0;0.0;0.0;0.0;1.0;0.0;0.0;0.0;0.0;1.0;0.0;0.0;1.0;0.0;1.0;1;2007;1;1;0;0.4999999999999999;0.8660254037844386;1289.0;931.0;60.86;64.26;1043.6666666666667;60.84;0;0;0;0
2007-02-01;1055.0;61.89;0.0;0.0;0.0;0.0;0.0;1.0;0.0;0.0;0.0;0.0;1.0;0.0;0.0;1.0;0.0;1.0;2;2007;1;0;0;0.8660254037844385;0.5000000000000001;911.0;1289.0;57.4;60.86;1085.0;60.04999999999999;0;0;0;0
2007-03-01;1096.0;68.1;0.0;0.0;0.0;0.0;0.0;1.0;0.0;0.0;0.0;0.0;1.0;0.0;0.0;1.0;0.0;1.0;3;2007;1;0;0;1.0;6.123233995736766e-17;1055.0;911.0;61.89;57.4;1020.6666666666666;62.46333333333333;0;0;0;0
2007-04-01;1049.0;67.65;0.0;0.0;0.0;0.0;0.0;1.0;0.0;0.0;0.0;0.0;1.0;0.0;0.0;1.0;0.0;1.0;4;2007;2;0;0;0.8660254037844387;-0.4999999999999997;1096.0;1055.0;68.1;61.89;1066.6666666666667;65.88;0;0;0;0
2007-05-01;1157.0;68.04;0.0;0.0;0.0;0.0;0.0;1.0;0.0;0.0;0.0;0.0;1.0;0.0;0.0;1.0;0.0;1.0;5;2007;2;0;0;0.4999999999999999;-0.8660254037844386;1049.0;1096.0;67.65;68.1;1100.6666666666667;67.92999999999999;0;0;0;0
2007-06-01;949.0;71.41;0.0;0.0;0.0;0.0;0.0;1.0;0.0;0.0;0.0;0.0;1.0;0.0;0.0;1.0;0.0;1.0;6;2007;2;0;0;1.2246467991473532e-16;-1.0;1157.0;1049.0;68.04;67.65;1051.6666666666667;69.03333333333333;0;0;0;0
2007-07-01;918.0;77.05;0.0;0.0;0.0;0.0;0.0;1.0;0.0;0.0;0.0;0.0;1.0;0.0;0.0;1.0;0.0;1.0;7;2007;3;0;0;-0.4999999999999997;-0.8660254037844387;949.0;1157.0;71.41;68.04;1008.0;72.16666666666667;0;0;0;0
2007-08-01;780.0;72.69;0.0;0.0;0.0;0.0;0.0;1.0;0.0;0.0;0.0;0.0;1.0;0.0;0.0;1.0;0.0;1.0;8;2007;3;0;0;-0.8660254037844383;-0.5000000000000003;918.0;949.0;77.05;71.41;882.3333333333334;73.71666666666665;0;0;0;0
2007-09-01;771.0;79.17;0.0;0.0;0.0;0.0;0.0;1.0;0.0;0.0;0.0;0.0;1.0;0.0;0.0;1.0;0.0;1.0;9;2007;3;0;0;-1.0;-1.8369701987210294e-16;780.0;918.0;72.69;77.05;823.0;76.30333333333333;0;0;0;0
2007-10-01;808.0;90.63;0.0;0.0;0.0;0.0;0.0;1.0;0.0;0.0;0.0;0.0;1.0;0.0;0.0;1.0;0.0;1.0;10;2007;4;0;0;-0.8660254037844385;0.5;771.0;780.0;79.17;72.69;786.3333333333334;80.83;0;0;0;0
2007-11-01;1184.0;88.26;0.0;0.0;0.0;0.0;0.0;1.0;0.0;0.0;0.0;0.0;1.0;0.0;0.0;1.0;0.0;1.0;11;2007;4;0;0;-0.5000000000000003;0.8660254037844383;808.0;771.0;90.63;79.17;921.0;86.02;0;0;0;0
2007-12-01;1086.0;93.85;0.0;0.0;0.0;0.0;0.0;1.0;0.0;0.0;0.0;0.0;1.0;0.0;0.0;1.0;0.0;1.0;12;2007;4;0;0;-2.4492935982947064e-16;1.0;1184.0;808.0;88.26;90.63;1026.0;90.91333333333333;0;0;0;0
2008-01-01;943.0;92.21;0.0;0.0;0.0;0.0;0.0;1.0;0.0;0.0;0.0;0.0;1.0;0.0;0.0;1.0;0.0;1.0;1;2008;1;1;0;0.4999999999999999;0.8660254037844386;1086.0;1184.0;93.85;88.26;1071.0;91.43999999999998;0;0;0;0
2008-02-01;946.0;100.1;0.0;0.0;0.0;0.0;0.0;1.0;0.0;0.0;0.0;0.0;1.0;0.0;0.0;1.0;0.0;1.0;2;2008;1;0;0;0.8660254037844385;0.5000000000000001;943.0;1086.0;92.21;93.85;991.6666666666666;95.38666666666666;0;0;0;0
2008-03-01;883.0;100.3;0.0;0.0;0.0;0.0;0.0;1.0;0.0;0.0;0.0;0.0;1.0;0.0;0.0;1.0;0.0;1.0;3;2008;1;0;0;1.0;6.123233995736766e-17;946.0;943.0;100.1;92.21;924.0;97.53666666666663;0;0;0;0
2008-04-01;1210.0;111.36;0.0;0.0;0.0;0.0;0.0;1.0;0.0;0.0;0.0;0.0;1.0;0.0;0.0;1.0;0.0;1.0;4;2008;2;0;0;0.8660254037844387;-0.4999999999999997;883.0;946.0;100.3;100.1;1013.0;103.92;0;0;0;0
2008-05-01;1369.0;127.78;0.0;0.0;0.0;0.0;0.0;1.0;0.0;0.0;0.0;0.0;1.0;0.0;0.0;1.0;0.0;1.0;5;2008;2;0;0;0.4999999999999999;-0.8660254037844386;1210.0;883.0;111.36;100.3;1154.0;113.14666666666665;0;0;0;0
2008-06-01;1465.0;139.83;0.0;0.0;0.0;0.0;0.0;1.0;0.0;0.0;0.0;0.0;1.0;0.0;0.0;1.0;0.0;1.0;6;2008;2;0;0;1.2246467991473532e-16;-1.0;1369.0;1210.0;127.78;111.36;1348.0;126.32333333333334;0;0;0;0
2008-07-01;1305.0;123.98;0.0;0.0;0.0;0.0;0.0;1.0;0.0;0.0;0.0;0.0;1.0;0.0;0.0;1.0;0.0;1.0;7;2008;3;0;0;-0.4999999999999997;-0.8660254037844387;1465.0;1369.0;139.83;127.78;1379.6666666666667;130.53;0;0;0;0
2008-08-01;1480.0;114.05;0.0;0.0;0.0;0.0;0.0;1.0;0.0;0.0;0.0;0.0;1.0;0.0;0.0;1.0;0.0;1.0;8;2008;3;0;0;-0.8660254037844383;-0.5000000000000003;1305.0;1465.0;123.98;139.83;1416.6666666666667;125.95333333333332;0;0;0;0
2008-09-01;1399.0;98.17;0.0;0.0;1.0;0.0;0.0;0.0;0.0;0.0;0.0;0.0;1.0;0.0;0.0;1.0;0.0;1.0;9;2008;3;0;0;-1.0;-1.8369701987210294e-16;1480.0;1305.0;114.05;123.98;1394.6666666666667;112.06666666666666;1;0;0;0
2008-10-01;1063.0;65.32;0.0;0.0;1.0;0.0;0.0;0.0;0.0;0.0;0.0;0.0;1.0;0.0;0.0;1.0;0.0;1.0;10;2008;4;0;0;-0.8660254037844385;0.5;1399.0;1480.0;98.17;114.05;1314.0;92.51333333333332;1;0;0;0
2008-11-01;888.0;53.49;0.0;0.0;1.0;0.0;0.0;0.0;0.0;0.0;0.0;0.0;1.0;0.0;0.0;1.0;0.0;1.0;11;2008;4;0;0;-0.5000000000000003;0.8660254037844383;1063.0;1399.0;65.32;98.17;1116.6666666666667;72.32666666666665;1;0;0;0
2008-12-01;838.0;45.59;0.0;0.0;1.0;0.0;0.0;0.0;0.0;0.0;0.0;0.0;1.0;0.0;0.0;1.0;0.0;1.0;12;2008;4;0;0;-2.4492935982947064e-16;1.0;888.0;1063.0;53.49;65.32;929.6666666666666;54.79999999999999;1;0;0;0
2009-01-01;598.0;45.88;0.0;0.0;1.0;0.0;0.0;0.0;0.0;0.0;0.0;0.0;1.0;0.0;0.0;1.0;0.0;1.0;1;2009;1;1;0;0.4999999999999999;0.8660254037844386;838.0;888.0;45.59;53.49;774.6666666666666;48.31999999999999;1;0;0;0
2009-02-01;554.0;46.35;0.0;0.0;1.0;0.0;0.0;0.0;0.0;0.0;0.0;0.0;1.0;0.0;0.0;1.0;0.0;1.0;2;2009;1;0;0;0.8660254037844385;0.5000000000000001;598.0;838.0;45.88;45.59;663.3333333333334;45.93999999999999;1;0;0;0
2009-03-01;372.0;49.23;0.0;0.0;1.0;0.0;0.0;0.0;0.0;0.0;0.0;0.0;1.0;0.0;0.0;1.0;0.0;1.0;3;2009;1;0;0;1.0;6.123233995736766e-17;554.0;598.0;46.35;45.88;508.0;47.15333333333333;1;0;0;0
2009-04-01;403.0;50.8;0.0;0.0;1.0;0.0;0.0;0.0;0.0;0.0;0.0;0.0;1.0;0.0;0.0;1.0;0.0;1.0;4;2009;2;0;0;0.8660254037844387;-0.4999999999999997;372.0;554.0;49.23;46.35;443.0;48.79333333333332;1;0;0;0
2009-05-01;481.0;65.52;0.0;0.0;1.0;0.0;0.0;0.0;0.0;0.0;0.0;0.0;1.0;0.0;0.0;1.0;0.0;1.0;5;2009;2;0;0;0.4999999999999999;-0.8660254037844386;403.0;372.0;50.8;49.23;418.6666666666667;55.18333333333332;1;0;0;0
2009-06-01;465.0;69.3;0.0;0.0;1.0;0.0;0.0;0.0;0.0;0.0;0.0;0.0;1.0;0.0;0.0;1.0;0.0;1.0;6;2009;2;0;0;1.2246467991473532e-16;-1.0;481.0;403.0;65.52;50.8;449.6666666666667;61.87333333333331;1;0;0;0
2009-07-01;465.0;71.7;0.0;0.0;0.0;0.0;0.0;1.0;0.0;0.0;0.0;0.0;1.0;0.0;0.0;1.0;0.0;1.0;7;2009;3;0;0;-0.4999999999999997;-0.8660254037844387;465.0;481.0;69.3;65.52;470.3333333333333;68.83999999999999;0;0;0;0
2009-08-01;433.0;69.65;0.0;0.0;0.0;0.0;0.0;1.0;0.0;0.0;0.0;0.0;1.0;0.0;0.0;1.0;0.0;1.0;8;2009;3;0;0;-0.8660254037844383;-0.5000000000000003;465.0;465.0;71.7;69.3;454.3333333333333;70.21666666666665;0;0;0;0
2009-09-01;518.0;69.07;0.0;0.0;0.0;0.0;0.0;1.0;0.0;0.0;0.0;0.0;1.0;0.0;0.0;1.0;0.0;1.0;9;2009;3;0;0;-1.0;-1.8369701987210294e-16;433.0;465.0;69.65;71.7;472.0;70.13999999999999;0;0;0;0
2009-10-01;442.0;75.2;0.0;0.0;0.0;0.0;0.0;1.0;0.0;0.0;0.0;0.0;1.0;0.0;0.0;1.0;0.0;1.0;10;2009;4;0;0;-0.8660254037844385;0.5;518.0;433.0;69.07;69.65;464.3333333333333;71.30666666666666;0;0;0;0
2009-11-01;519.0;78.47;0.0;0.0;0.0;0.0;0.0;1.0;0.0;0.0;0.0;0.0;1.0;0.0;0.0;1.0;0.0;1.0;11;2009;4;0;0;-0.5000000000000003;0.8660254037844383;442.0;518.0;75.2;69.07;493.0;74.24666666666666;0;0;0;0
2009-12-01;634.0;77.93;0.0;0.0;0.0;0.0;0.0;1.0;0.0;0.0;0.0;0.0;1.0;0.0;0.0;1.0;0.0;1.0;12;2009;4;0;0;-2.4492935982947064e-16;1.0;519.0;442.0;78.47;75.2;531.6666666666666;77.19999999999999;0;0;0;0
2010-01-01;885.0;71.46;0.0;0.0;0.0;0.0;0.0;1.0;0.0;0.0;0.0;0.0;1.0;0.0;0.0;1.0;0.0;1.0;1;2010;1;1;0;0.4999999999999999;0.8660254037844386;634.0;519.0;77.93;78.47;679.3333333333334;75.95333333333333;0;0;0;0
2010-02-01;762.0;77.59;0.0;0.0;0.0;0.0;0.0;1.0;0.0;0.0;0.0;0.0;1.0;0.0;0.0;1.0;0.0;1.0;2;2010;1;0;0;0.8660254037844385;0.5000000000000001;885.0;634.0;71.46;77.93;760.3333333333334;75.66;0;0;0;0
2010-03-01;708.0;82.7;0.0;0.0;0.0;0.0;0.0;1.0;0.0;0.0;0.0;0.0;1.0;0.0;0.0;1.0;0.0;1.0;3;2010;1;0;0;1.0;6.123233995736766e-17;762.0;885.0;77.59;71.46;785.0;77.24999999999999;0;0;0;0
2010-04-01;733.0;87.44;0.0;0.0;0.0;0.0;0.0;1.0;0.0;0.0;0.0;0.0;1.0;0.0;0.0;1.0;0.0;1.0;4;2010;2;0;0;0.8660254037844387;-0.4999999999999997;708.0;762.0;82.7;77.59;734.3333333333334;82.57666666666665;0;0;0;0
2010-05-01;680.0;74.65;0.0;0.0;0.0;0.0;0.0;1.0;0.0;0.0;0.0;0.0;1.0;0.0;0.0;1.0;0.0;1.0;5;2010;2;0;0;0.4999999999999999;-0.8660254037844386;733.0;708.0;87.44;82.7;707.0;81.59666666666665;0;0;0;0
2010-06-01;785.0;75.01;0.0;0.0;0.0;0.0;0.0;1.0;0.0;0.0;0.0;0.0;1.0;0.0;0.0;1.0;0.0;1.0;6;2010;2;0;0;1.2246467991473532e-16;-1.0;680.0;733.0;74.65;87.44;732.6666666666666;79.03333333333333;0;0;0;0
2010-07-01;796.0;78.18;0.0;0.0;0.0;0.0;0.0;1.0;0.0;0.0;0.0;0.0;1.0;0.0;0.0;1.0;0.0;1.0;7;2010;3;0;0;-0.4999999999999997;-0.8660254037844387;785.0;680.0;75.01;74.65;753.6666666666666;75.94666666666666;0;0;0;0
2010-08-01;679.0;74.64;0.0;0.0;0.0;0.0;0.0;1.0;0.0;0.0;0.0;0.0;1.0;0.0;0.0;1.0;0.0;1.0;8;2010;3;0;0;-0.8660254037844383;-0.5000000000000003;796.0;785.0;78.18;75.01;753.3333333333334;75.94333333333333;0;0;0;0
2010-09-01;624.0;82.31;0.0;0.0;0.0;0.0;0.0;1.0;0.0;0.0;0.0;0.0;1.0;0.0;0.0;1.0;0.0;1.0;9;2010;3;0;0;-1.0;-1.8369701987210294e-16;679.0;796.0;74.64;78.18;699.6666666666666;78.37666666666667;0;0;0;0
2010-10-01;627.0;83.15;0.0;0.0;0.0;0.0;0.0;1.0;0.0;0.0;0.0;0.0;1.0;0.0;0.0;1.0;0.0;1.0;10;2010;4;0;0;-0.8660254037844385;0.5;624.0;679.0;82.31;74.64;643.3333333333334;80.03333333333332;0;0;0;0
2010-11-01;740.0;85.92;0.0;0.0;0.0;0.0;0.0;1.0;0.0;0.0;0.0;0.0;1.0;0.0;0.0;1.0;0.0;1.0;11;2010;4;0;0;-0.5000000000000003;0.8660254037844383;627.0;624.0;83.15;82.31;663.6666666666666;83.79333333333334;0;0;0;0
2010-12-01;759.0;94.75;0.0;0.0;0.0;0.0;0.0;1.0;0.0;0.0;0.0;0.0;1.0;0.0;0.0;1.0;0.0;1.0;12;2010;4;0;0;-2.4492935982947064e-16;1.0;740.0;627.0;85.92;83.15;708.6666666666666;87.94;0;0;0;0
2011-01-01;644.0;101.01;0.0;0.0;0.0;0.0;0.0;1.0;1.0;0.0;0.0;0.0;0.0;0.0;0.0;1.0;0.0;1.0;1;2011;1;1;0;0.4999999999999999;0.8660254037844386;759.0;740.0;94.75;85.92;714.3333333333334;93.89333333333332;0;1;0;0
2011-02-01;724.0;111.8;0.0;0.0;0.0;0.0;0.0;1.0;1.0;0.0;0.0;0.0;0.0;0.0;0.0;1.0;0.0;1.0;2;2011;1;0;0;0.8660254037844385;0.5000000000000001;644.0;759.0;101.01;94.75;709.0;102.51999999999998;0;1;0;0
2011-03-01;841.0;117.36;0.0;0.0;0.0;0.0;0.0;1.0;1.0;0.0;0.0;0.0;0.0;0.0;0.0;1.0;0.0;1.0;3;2011;1;0;0;1.0;6.123233995736766e-17;724.0;644.0;111.8;101.01;736.3333333333334;110.05666666666666;0;1;0;0
2011-04-01;892.0;125.89;0.0;0.0;0.0;0.0;0.0;1.0;1.0;0.0;0.0;0.0;0.0;0.0;0.0;1.0;0.0;1.0;4;2011;2;0;0;0.8660254037844387;-0.4999999999999997;841.0;724.0;117.36;111.8;819.0;118.34999999999998;0;1;0;0
2011-05-01;716.0;116.73;0.0;0.0;0.0;0.0;0.0;1.0;1.0;0.0;0.0;0.0;0.0;0.0;0.0;1.0;0.0;1.0;5;2011;2;0;0;0.4999999999999999;-0.8660254037844386;892.0;841.0;125.89;117.36;816.3333333333334;119.99333333333333;0;1;0;0
2011-06-01;694.0;112.48;0.0;0.0;0.0;0.0;0.0;1.0;1.0;0.0;0.0;0.0;0.0;0.0;0.0;1.0;0.0;1.0;6;2011;2;0;0;1.2246467991473532e-16;-1.0;716.0;892.0;116.73;125.89;767.3333333333334;118.36666666666666;0;1;0;0
2011-07-01;684.0;116.74;0.0;0.0;0.0;0.0;0.0;1.0;1.0;0.0;0.0;0.0;0.0;0.0;0.0;1.0;0.0;1.0;7;2011;3;0;0;-0.4999999999999997;-0.8660254037844387;694.0;716.0;112.48;116.73;698.0;115.31666666666666;0;1;0;0
2011-08-01;688.0;114.85;0.0;0.0;0.0;0.0;0.0;1.0;1.0;0.0;0.0;0.0;0.0;0.0;0.0;1.0;0.0;1.0;8;2011;3;0;0;-0.8660254037844383;-0.5000000000000003;684.0;694.0;116.74;112.48;688.6666666666666;114.68999999999998;0;1;0;0
2011-09-01;725.0;102.76;0.0;0.0;0.0;0.0;0.0;1.0;1.0;0.0;0.0;0.0;0.0;0.0;0.0;1.0;0.0;1.0;9;2011;3;0;0;-1.0;-1.8369701987210294e-16;688.0;684.0;114.85;116.74;699.0;111.45;0;1;0;0
2011-10-01;728.0;109.56;0.0;0.0;0.0;0.0;0.0;1.0;1.0;0.0;0.0;0.0;0.0;0.0;0.0;1.0;0.0;1.0;10;2011;4;0;0;-0.8660254037844385;0.5;725.0;688.0;102.76;114.85;713.6666666666666;109.05666666666666;0;1;0;0
2011-11-01;719.0;110.52;0.0;0.0;0.0;0.0;0.0;1.0;1.0;0.0;0.0;0.0;0.0;0.0;0.0;1.0;0.0;1.0;11;2011;4;0;0;-0.5000000000000003;0.8660254037844383;728.0;725.0;109.56;102.76;724.0;107.61333333333332;0;1;0;0
2011-12-01;908.0;107.38;0.0;0.0;0.0;0.0;0.0;1.0;1.0;0.0;0.0;0.0;0.0;0.0;0.0;1.0;0.0;1.0;12;2011;4;0;0;-2.4492935982947064e-16;1.0;719.0;728.0;110.52;109.56;785.0;109.15333333333332;0;1;0;0
2012-01-01;651.0;110.98;0.0;0.0;0.0;0.0;0.0;1.0;1.0;0.0;0.0;0.0;0.0;1.0;0.0;0.0;0.0;1.0;1;2012;1;1;0;0.4999999999999999;0.8660254037844386;908.0;719.0;107.38;110.52;759.3333333333334;109.62666666666668;0;1;1;0
2012-02-01;723.0;122.66;0.0;0.0;0.0;0.0;0.0;1.0;1.0;0.0;0.0;0.0;0.0;1.0;0.0;0.0;0.0;1.0;2;2012;1;0;0;0.8660254037844385;0.5000000000000001;651.0;908.0;110.98;107.38;760.6666666666666;113.67333333333332;0;1;1;0
2012-03-01;642.0;122.88;0.0;0.0;0.0;0.0;0.0;1.0;1.0;0.0;0.0;0.0;0.0;1.0;0.0;0.0;0.0;1.0;3;2012;1;0;0;1.0;6.123233995736766e-17;723.0;651.0;122.66;110.98;672.0;118.84;0;1;1;0
2012-04-01;626.0;119.47;0.0;0.0;0.0;0.0;0.0;1.0;1.0;0.0;0.0;0.0;0.0;1.0;0.0;0.0;0.0;1.0;4;2012;2;0;0;0.8660254037844387;-0.4999999999999997;642.0;723.0;122.88;122.66;663.6666666666666;121.67;0;1;1;0
2012-05-01;605.0;101.43;0.0;0.0;0.0;0.0;0.0;1.0;1.0;0.0;0.0;0.0;0.0;1.0;0.0;0.0;0.0;1.0;5;2012;2;0;0;0.4999999999999999;-0.8660254037844386;626.0;642.0;119.47;122.88;624.3333333333334;114.59333333333332;0;1;1;0
2012-06-01;565.0;97.88;0.0;0.0;0.0;0.0;0.0;1.0;1.0;0.0;0.0;0.0;0.0;1.0;0.0;0.0;0.0;1.0;6;2012;2;0;0;1.2246467991473532e-16;-1.0;605.0;626.0;101.43;119.47;598.6666666666666;106.26;0;1;1;0
2012-07-01;579.0;103.84;0.0;0.0;0.0;0.0;0.0;1.0;1.0;0.0;0.0;0.0;0.0;1.0;0.0;0.0;0.0;1.0;7;2012;3;0;0;-0.4999999999999997;-0.8660254037844387;565.0;605.0;97.88;101.43;583.0;101.05;0;1;1;0
2012-08-01;581.0;114.05;0.0;0.0;0.0;0.0;0.0;1.0;1.0;0.0;0.0;0.0;0.0;1.0;0.0;0.0;0.0;1.0;8;2012;3;0;0;-0.8660254037844383;-0.5000000000000003;579.0;565.0;103.84;97.88;575.0;105.25666666666666;0;1;1;0
2012-09-01;642.0;111.58;0.0;0.0;0.0;0.0;0.0;1.0;1.0;0.0;0.0;0.0;0.0;1.0;0.0;0.0;0.0;1.0;9;2012;3;0;0;-1.0;-1.8369701987210294e-16;581.0;579.0;114.05;103.84;600.6666666666666;109.82333333333332;0;1;1;0
2012-10-01;647.0;107.56;0.0;0.0;0.0;0.0;0.0;1.0;1.0;0.0;0.0;0.0;0.0;1.0;0.0;0.0;0.0;1.0;10;2012;4;0;0;-0.8660254037844385;0.5;642.0;581.0;111.58;114.05;623.3333333333334;111.06333333333332;0;1;1;0
2012-11-01;741.0;110.25;0.0;0.0;0.0;0.0;0.0;1.0;1.0;0.0;0.0;0.0;0.0;1.0;0.0;0.0;0.0;1.0;11;2012;4;0;0;-0.5000000000000003;0.8660254037844383;647.0;642.0;107.56;111.58;676.6666666666666;109.79666666666668;0;1;1;0
2012-12-01;756.0;109.89;0.0;0.0;0.0;0.0;0.0;1.0;1.0;0.0;0.0;0.0;0.0;1.0;0.0;0.0;0.0;1.0;12;2012;4;0;0;-2.4492935982947064e-16;1.0;741.0;647.0;110.25;107.56;714.6666666666666;109.23333333333332;0;1;1;0
2013-01-01;706.0;114.54;0.0;0.0;0.0;0.0;0.0;1.0;0.0;0.0;0.0;0.0;1.0;1.0;0.0;0.0;0.0;1.0;1;2013;1;1;0;0.4999999999999999;0.8660254037844386;756.0;741.0;109.89;110.25;734.3333333333334;111.56;0;0;1;0
2013-02-01;693.0;110.42;0.0;0.0;0.0;0.0;0.0;1.0;0.0;0.0;0.0;0.0;1.0;1.0;0.0;0.0;0.0;1.0;2;2013;1;0;0;0.8660254037844385;0.5000000000000001;706.0;756.0;114.54;109.89;718.3333333333334;111.61666666666666;0;0;1;0
2013-03-01;691.0;110.02;0.0;0.0;0.0;0.0;0.0;1.0;0.0;0.0;0.0;0.0;1.0;1.0;0.0;0.0;0.0;1.0;3;2013;1;0;0;1.0;6.123233995736766e-17;693.0;706.0;110.42;114.54;696.6666666666666;111.66;0;0;1;0
2013-04-01;609.0;102.37;0.0;0.0;0.0;0.0;0.0;1.0;0.0;0.0;0.0;0.0;1.0;1.0;0.0;0.0;0.0;1.0;4;2013;2;0;0;0.8660254037844387;-0.4999999999999997;691.0;693.0;110.02;110.42;664.3333333333334;107.60333333333332;0;0;1;0
2013-05-01;589.0;100.39;0.0;0.0;0.0;0.0;0.0;1.0;0.0;0.0;0.0;0.0;1.0;1.0;0.0;0.0;0.0;1.0;5;2013;2;0;0;0.4999999999999999;-0.8660254037844386;609.0;691.0;102.37;110.02;629.6666666666666;104.26;0;0;1;0
2013-06-01;561.0;102.16;0.0;0.0;0.0;0.0;0.0;1.0;0.0;0.0;0.0;0.0;1.0;1.0;0.0;0.0;0.0;1.0;6;2013;2;0;0;1.2246467991473532e-16;-1.0;589.0;609.0;100.39;102.37;586.3333333333334;101.64;0;0;1;0
2013-07-01;615.0;107.7;0.0;0.0;0.0;0.0;0.0;1.0;0.0;0.0;0.0;0.0;1.0;1.0;0.0;0.0;0.0;1.0;7;2013;3;0;0;-0.4999999999999997;-0.8660254037844387;561.0;589.0;102.16;100.39;588.3333333333334;103.41666666666669;0;0;1;0
2013-08-01;604.0;114.01;0.0;0.0;0.0;0.0;0.0;1.0;0.0;0.0;0.0;0.0;1.0;1.0;0.0;0.0;0.0;1.0;8;2013;3;0;0;-0.8660254037844383;-0.5000000000000003;615.0;561.0;107.7;102.16;593.3333333333334;107.95666666666666;0;0;1;0
2013-09-01;546.0;108.37;0.0;0.0;0.0;0.0;0.0;1.0;0.0;0.0;0.0;0.0;1.0;1.0;0.0;0.0;0.0;1.0;9;2013;3;0;0;-1.0;-1.8369701987210294e-16;604.0;615.0;114.01;107.7;588.3333333333334;110.02666666666666;0;0;1;0
2013-10-01;487.0;108.84;0.0;0.0;0.0;0.0;0.0;1.0;0.0;0.0;0.0;0.0;1.0;1.0;0.0;0.0;0.0;1.0;10;2013;4;0;0;-0.8660254037844385;0.5;546.0;604.0;108.37;114.01;545.6666666666666;110.40666666666664;0;0;1;0
2013-11-01;579.0;109.69;0.0;0.0;0.0;0.0;0.0;1.0;0.0;0.0;0.0;0.0;1.0;1.0;0.0;0.0;0.0;1.0;11;2013;4;0;0;-0.5000000000000003;0.8660254037844383;487.0;546.0;108.84;108.37;537.3333333333334;108.96666666666664;0;0;1;0
2013-12-01;616.0;110.8;0.0;0.0;0.0;0.0;0.0;1.0;0.0;0.0;0.0;0.0;1.0;1.0;0.0;0.0;0.0;1.0;12;2013;4;0;0;-2.4492935982947064e-16;1.0;579.0;487.0;109.69;108.84;560.6666666666666;109.77666666666666;0;0;1;0
2014-01-01;606.0;106.4;0.0;0.0;0.0;0.0;0.0;1.0;0.0;0.0;0.0;0.0;1.0;1.0;0.0;0.0;0.0;1.0;1;2014;1;1;0;0.4999999999999999;0.8660254037844386;616.0;579.0;110.8;109.69;600.3333333333334;108.96333333333332;0;0;1;0
2014-02-01;629.0;109.07;0.0;0.0;0.0;0.0;0.0;1.0;0.0;0.0;0.0;0.0;1.0;1.0;0.0;0.0;0.0;1.0;2;2014;1;0;0;0.8660254037844385;0.5000000000000001;606.0;616.0;106.4;110.8;617.0;108.75666666666666;0;0;1;0
2014-03-01;610.0;107.76;0.0;0.0;0.0;0.0;0.0;1.0;0.0;1.0;0.0;0.0;0.0;0.0;1.0;0.0;0.0;1.0;3;2014;1;0;0;1.0;6.123233995736766e-17;629.0;606.0;109.07;106.4;615.0;107.74333333333333;0;1;1;0
2014-04-01;522.0;108.07;0.0;0.0;0.0;0.0;0.0;1.0;0.0;1.0;0.0;0.0;0.0;0.0;1.0;0.0;0.0;1.0;4;2014;2;0;0;0.8660254037844387;-0.4999999999999997;610.0;629.0;107.76;109.07;587.0;108.3;0;1;1;0
2014-05-01;525.0;108.68;0.0;0.0;0.0;0.0;0.0;1.0;0.0;1.0;0.0;0.0;0.0;0.0;1.0;0.0;0.0;1.0;5;2014;2;0;0;0.4999999999999999;-0.8660254037844386;522.0;610.0;108.07;107.76;552.3333333333334;108.17;0;1;1;0
2014-06-01;549.0;112.07;0.0;0.0;0.0;0.0;0.0;1.0;0.0;1.0;0.0;0.0;0.0;0.0;1.0;0.0;0.0;1.0;6;2014;2;0;0;1.2246467991473532e-16;-1.0;525.0;522.0;108.68;108.07;532.0;109.60666666666668;0;1;1;0
2014-07-01;556.0;106.53;0.0;0.0;0.0;0.0;0.0;1.0;0.0;1.0;0.0;0.0;0.0;0.0;1.0;0.0;0.0;1.0;7;2014;3;0;0;-0.4999999999999997;-0.8660254037844387;549.0;525.0;112.07;108.68;543.3333333333334;109.09333333333332;0;1;1;0
2014-08-01;545.0;103.77;0.0;0.0;0.0;0.0;0.0;1.0;0.0;1.0;0.0;0.0;0.0;0.0;1.0;0.0;0.0;1.0;8;2014;3;0;0;-0.8660254037844383;-0.5000000000000003;556.0;549.0;106.53;112.07;550.0;107.45666666666666;0;1;1;0
2014-09-01;570.0;95.32;0.0;0.0;0.0;0.0;0.0;1.0;0.0;1.0;0.0;0.0;0.0;0.0;1.0;0.0;0.0;1.0;9;2014;3;0;0;-1.0;-1.8369701987210294e-16;545.0;556.0;103.77;106.53;557.0;101.87333333333332;0;1;1;0
2014-10-01;735.0;86.34;0.0;0.0;0.0;0.0;1.0;0.0;0.0;1.0;0.0;0.0;0.0;0.0;1.0;0.0;0.0;1.0;10;2014;4;0;0;-0.8660254037844385;0.5;570.0;545.0;95.32;103.77;616.6666666666666;95.14333333333332;1;1;1;0
2014-11-01;823.0;70.58;0.0;0.0;0.0;0.0;1.0;0.0;0.0;1.0;0.0;0.0;0.0;0.0;1.0;0.0;0.0;1.0;11;2014;4;0;0;-0.5000000000000003;0.8660254037844383;735.0;570.0;86.34;95.32;709.3333333333334;84.07999999999998;1;1;1;0
2014-12-01;787.0;58.21;0.0;0.0;0.0;0.0;1.0;0.0;0.0;1.0;0.0;0.0;0.0;0.0;1.0;0.0;0.0;1.0;12;2014;4;0;0;-2.4492935982947064e-16;1.0;823.0;735.0;70.58;86.34;781.6666666666666;71.71;1;1;1;0
2015-01-01;678.0;53.95;0.0;0.0;0.0;0.0;1.0;0.0;0.0;0.0;0.0;0.0;1.0;0.0;1.0;0.0;0.0;1.0;1;2015;1;1;0;0.4999999999999999;0.8660254037844386;787.0;823.0;58.21;70.58;762.6666666666666;60.91333333333333;1;0;1;0
2015-02-01;695.0;63.15;0.0;0.0;0.0;0.0;1.0;0.0;0.0;0.0;0.0;0.0;1.0;0.0;1.0;0.0;0.0;1.0;2;2015;1;0;0;0.8660254037844385;0.5000000000000001;678.0;787.0;53.95;58.21;720.0;58.43666666666666;1;0;1;0
2015-03-01;676.0;56.21;0.0;0.0;0.0;0.0;1.0;0.0;0.0;0.0;0.0;0.0;1.0;0.0;1.0;0.0;0.0;1.0;3;2015;1;0;0;1.0;6.123233995736766e-17;695.0;678.0;63.15;53.95;683.0;57.76999999999999;1;0;1;0
2015-04-01;606.0;67.45;0.0;0.0;0.0;0.0;1.0;0.0;0.0;0.0;0.0;0.0;1.0;0.0;1.0;0.0;0.0;1.0;4;2015;2;0;0;0.8660254037844387;-0.4999999999999997;676.0;695.0;56.21;63.15;659.0;62.26999999999999;1;0;1;0
2015-05-01;694.0;66.14;0.0;0.0;0.0;0.0;1.0;0.0;0.0;0.0;0.0;0.0;1.0;0.0;1.0;0.0;0.0;1.0;5;2015;2;0;0;0.4999999999999999;-0.8660254037844386;606.0;676.0;67.45;56.21;658.6666666666666;63.26666666666665;1;0;1;0
2015-06-01;784.0;64.14;0.0;0.0;0.0;0.0;1.0;0.0;0.0;0.0;0.0;0.0;1.0;0.0;1.0;0.0;0.0;1.0;6;2015;2;0;0;1.2246467991473532e-16;-1.0;694.0;606.0;66.14;67.45;694.6666666666666;65.90999999999998;1;0;1;0
2015-07-01;728.0;52.85;0.0;0.0;0.0;0.0;1.0;0.0;0.0;0.0;0.0;0.0;1.0;0.0;1.0;0.0;0.0;1.0;7;2015;3;0;0;-0.4999999999999997;-0.8660254037844387;784.0;694.0;64.14;66.14;735.3333333333334;61.04333333333332;1;0;1;0
2015-08-01;591.0;54.99;0.0;0.0;0.0;0.0;1.0;0.0;0.0;0.0;0.0;0.0;1.0;0.0;1.0;0.0;0.0;1.0;8;2015;3;0;0;-0.8660254037844383;-0.5000000000000003;728.0;784.0;52.85;64.14;701.0;57.326666666666654;1;0;1;0
2015-09-01;511.0;49.05;0.0;0.0;0.0;0.0;1.0;0.0;0.0;0.0;0.0;0.0;1.0;0.0;1.0;0.0;0.0;1.0;9;2015;3;0;0;-1.0;-1.8369701987210294e-16;591.0;728.0;54.99;52.85;610.0;52.29666666666666;1;0;1;0
2015-10-01;464.0;50.31;0.0;0.0;0.0;0.0;1.0;0.0;0.0;0.0;0.0;0.0;1.0;0.0;1.0;0.0;0.0;1.0;10;2015;4;0;0;-0.8660254037844385;0.5;511.0;591.0;49.05;54.99;522.0;51.44999999999999;1;0;1;0
2015-11-01;531.0;45.24;0.0;0.0;0.0;0.0;1.0;0.0;0.0;0.0;0.0;0.0;1.0;0.0;1.0;0.0;0.0;1.0;11;2015;4;0;0;-0.5000000000000003;0.8660254037844383;464.0;511.0;50.31;49.05;502.0;48.19999999999999;1;0;1;0
2015-12-01;580.0;37.67;0.0;0.0;0.0;0.0;1.0;0.0;0.0;0.0;0.0;0.0;1.0;0.0;1.0;0.0;0.0;1.0;12;2015;4;0;0;-2.4492935982947064e-16;1.0;531.0;464.0;45.24;50.31;525.0;44.40666666666666;1;0;1;0
2016-01-01;645.0;35.99;0.0;0.0;0.0;0.0;1.0;0.0;0.0;0.0;0.0;0.0;1.0;0.0;1.0;0.0;0.0;1.0;1;2016;1;1;0;0.4999999999999999;0.8660254037844386;580.0;531.0;37.67;45.24;585.3333333333334;39.633333333333326;1;0;1;0
2016-02-01;515.0;36.57;0.0;0.0;0.0;0.0;1.0;0.0;0.0;0.0;0.0;0.0;1.0;0.0;1.0;0.0;0.0;1.0;2;2016;1;0;0;0.8660254037844385;0.5000000000000001;645.0;580.0;35.99;37.67;580.0;36.74333333333332;1;0;1;0
2016-03-01;495.0;40.33;0.0;0.0;0.0;0.0;0.0;1.0;0.0;0.0;0.0;0.0;1.0;0.0;1.0;0.0;0.0;1.0;3;2016;1;0;0;1.0;6.123233995736766e-17;515.0;645.0;36.57;35.99;551.6666666666666;37.63;0;0;1;0
2016-04-01;545.0;47.37;0.0;0.0;0.0;0.0;0.0;1.0;0.0;0.0;0.0;0.0;1.0;0.0;1.0;0.0;0.0;1.0;4;2016;2;0;0;0.8660254037844387;-0.4999999999999997;495.0;515.0;40.33;36.57;518.3333333333334;41.423333333333325;0;0;1;0
2016-05-01;496.0;49.89;0.0;0.0;0.0;0.0;0.0;1.0;0.0;0.0;0.0;0.0;1.0;0.0;1.0;0.0;0.0;1.0;5;2016;2;0;0;0.4999999999999999;-0.8660254037844386;545.0;495.0;47.37;40.33;512.0;45.86333333333332;0;0;1;0
2016-06-01;464.0;49.71;0.0;0.0;0.0;0.0;0.0;1.0;0.0;0.0;0.0;0.0;1.0;0.0;1.0;0.0;0.0;1.0;6;2016;2;0;0;1.2246467991473532e-16;-1.0;496.0;545.0;49.89;47.37;501.6666666666667;48.98999999999999;0;0;1;0
2016-07-01;465.0;43.53;0.0;0.0;0.0;0.0;0.0;1.0;0.0;0.0;0.0;0.0;1.0;0.0;1.0;0.0;0.0;1.0;7;2016;3;0;0;-0.4999999999999997;-0.8660254037844387;464.0;496.0;49.71;49.89;475.0;47.70999999999999;0;0;1;0
2016-08-01;447.0;46.89;0.0;0.0;0.0;0.0;0.0;1.0;0.0;0.0;0.0;0.0;1.0;0.0;1.0;0.0;0.0;1.0;8;2016;3;0;0;-0.8660254037844383;-0.5000000000000003;465.0;464.0;43.53;49.71;458.6666666666667;46.70999999999999;0;0;1;0
2016-09-01;352.0;50.19;0.0;0.0;0.0;0.0;0.0;1.0;0.0;0.0;0.0;0.0;1.0;0.0;1.0;0.0;0.0;1.0;9;2016;3;0;0;-1.0;-1.8369701987210294e-16;447.0;465.0;46.89;43.53;421.3333333333333;46.86999999999998;0;0;1;0
2016-10-01;417.0;48.61;0.0;0.0;0.0;0.0;0.0;1.0;0.0;0.0;0.0;0.0;1.0;0.0;1.0;0.0;0.0;1.0;10;2016;4;0;0;-0.8660254037844385;0.5;352.0;447.0;50.19;46.89;405.3333333333333;48.563333333333325;0;0;1;0
2016-11-01;439.0;51.84;0.0;0.0;0.0;0.0;0.0;1.0;0.0;0.0;0.0;0.0;1.0;0.0;1.0;0.0;0.0;1.0;11;2016;4;0;0;-0.5000000000000003;0.8660254037844383;417.0;352.0;48.61;50.19;402.6666666666667;50.21333333333333;0;0;1;0
2016-12-01;678.0;57.49;0.0;0.0;0.0;0.0;0.0;1.0;0.0;0.0;0.0;0.0;1.0;0.0;1.0;0.0;0.0;1.0;12;2016;4;0;0;-2.4492935982947064e-16;1.0;439.0;417.0;51.84;48.61;511.3333333333333;52.64666666666667;0;0;1;0
2017-01-01;603.0;55.58;0.0;0.0;0.0;0.0;0.0;1.0;0.0;0.0;0.0;0.0;1.0;0.0;1.0;0.0;0.0;1.0;1;2017;1;1;0;0.4999999999999999;0.8660254037844386;678.0;439.0;57.49;51.84;573.3333333333334;54.96999999999999;0;0;1;0
2017-02-01;601.0;56.51;0.0;0.0;0.0;0.0;0.0;1.0;0.0;0.0;0.0;0.0;1.0;0.0;1.0;0.0;0.0;1.0;2;2017;1;0;0;0.8660254037844385;0.5000000000000001;603.0;678.0;55.58;57.49;627.3333333333334;56.52666666666665;0;0;1;0
2017-03-01;751.0;53.53;0.0;0.0;0.0;0.0;0.0;1.0;0.0;0.0;0.0;0.0;1.0;0.0;1.0;0.0;0.0;1.0;3;2017;1;0;0;1.0;6.123233995736766e-17;601.0;603.0;56.51;55.58;651.6666666666666;55.206666666666656;0;0;1;0
2017-04-01;613.0;52.05;0.0;0.0;0.0;0.0;0.0;1.0;0.0;0.0;0.0;0.0;1.0;0.0;1.0;0.0;0.0;1.0;4;2017;2;0;0;0.8660254037844387;-0.4999999999999997;751.0;601.0;53.53;56.51;655.0;54.03;0;0;1;0
2017-05-01;558.0;50.76;0.0;0.0;0.0;0.0;0.0;1.0;0.0;0.0;0.0;0.0;1.0;0.0;1.0;0.0;0.0;1.0;5;2017;2;0;0;0.4999999999999999;-0.8660254037844386;613.0;751.0;52.05;53.53;640.6666666666666;52.11333333333332;0;0;1;0
2017-06-01;563.0;48.77;0.0;0.0;0.0;0.0;0.0;1.0;0.0;0.0;0.0;0.0;1.0;0.0;1.0;0.0;0.0;1.0;6;2017;2;0;0;1.2246467991473532e-16;-1.0;558.0;613.0;50.76;52.05;578.0;50.52666666666666;0;0;1;0
2017-07-01;541.0;52.72;0.0;0.0;0.0;0.0;0.0;1.0;0.0;0.0;0.0;0.0;1.0;0.0;1.0;0.0;0.0;1.0;7;2017;3;0;0;-0.4999999999999997;-0.8660254037844387;563.0;558.0;48.77;50.76;554.0;50.74999999999999;0;0;1;0
2017-08-01;703.0;52.86;0.0;0.0;0.0;0.0;0.0;1.0;0.0;0.0;0.0;0.0;1.0;0.0;1.0;0.0;0.0;1.0;8;2017;3;0;0;-0.8660254037844383;-0.5000000000000003;541.0;563.0;52.72;48.77;602.3333333333334;51.44999999999999;0;0;1;0
2017-09-01;667.0;56.79;0.0;0.0;0.0;0.0;0.0;1.0;0.0;0.0;0.0;0.0;1.0;0.0;1.0;0.0;0.0;1.0;9;2017;3;0;0;-1.0;-1.8369701987210294e-16;703.0;541.0;52.86;52.72;637.0;54.12333333333331;0;0;1;0
2017-10-01;528.0;60.94;0.0;0.0;0.0;0.0;0.0;1.0;0.0;0.0;0.0;0.0;1.0;0.0;1.0;0.0;0.0;1.0;10;2017;4;0;0;-0.8660254037844385;0.5;667.0;703.0;56.79;52.86;632.6666666666666;56.86333333333332;0;0;1;0
2017-11-01;634.0;62.63;0.0;0.0;0.0;0.0;0.0;1.0;0.0;0.0;0.0;0.0;1.0;0.0;1.0;0.0;0.0;1.0;11;2017;4;0;0;-0.5000000000000003;0.8660254037844383;528.0;667.0;60.94;56.79;609.6666666666666;60.12;0;0;1;0
2017-12-01;720.0;66.44;0.0;0.0;0.0;0.0;0.0;1.0;0.0;0.0;0.0;0.0;1.0;0.0;1.0;0.0;0.0;1.0;12;2017;4;0;0;-2.4492935982947064e-16;1.0;634.0;528.0;62.63;60.94;627.3333333333334;63.336666666666666;0;0;1;0
2018-01-01;602.0;68.89;0.0;0.0;0.0;0.0;0.0;1.0;0.0;0.0;0.0;0.0;1.0;0.0;1.0;0.0;0.0;1.0;1;2018;1;1;0;0.4999999999999999;0.8660254037844386;720.0;634.0;66.44;62.63;652.0;65.98666666666666;0;0;1;0
2018-02-01;622.0;64.73;0.0;0.0;0.0;0.0;0.0;1.0;0.0;0.0;0.0;0.0;1.0;0.0;1.0;0.0;0.0;1.0;2;2018;1;0;0;0.8660254037844385;0.5000000000000001;602.0;720.0;68.89;66.44;648.0;66.68666666666667;0;0;1;0
2018-03-01;560.0;69.34;0.0;0.0;0.0;0.0;0.0;1.0;0.0;0.0;0.0;0.0;1.0;0.0;1.0;0.0;0.0;1.0;3;2018;1;0;0;1.0;6.123233995736766e-17;622.0;602.0;64.73;68.89;594.6666666666666;67.65333333333332;0;0;1;0
2018-04-01;567.0;74.69;0.0;0.0;0.0;0.0;0.0;1.0;0.0;0.0;0.0;0.0;1.0;0.0;1.0;0.0;0.0;1.0;4;2018;2;0;0;0.8660254037844387;-0.4999999999999997;560.0;622.0;69.34;64.73;583.0;69.58666666666666;0;0;1;0
2018-05-01;555.0;77.56;0.0;0.0;0.0;0.0;0.0;1.0;0.0;0.0;0.0;0.0;1.0;0.0;1.0;0.0;0.0;1.0;5;2018;2;0;0;0.4999999999999999;-0.8660254037844386;567.0;560.0;74.69;69.34;560.6666666666666;73.86333333333333;0;0;1;0
2018-06-01;496.0;79.23;0.0;0.0;0.0;0.0;0.0;1.0;0.0;0.0;0.0;0.0;1.0;0.0;1.0;0.0;0.0;1.0;6;2018;2;0;0;1.2246467991473532e-16;-1.0;555.0;567.0;77.56;74.69;539.3333333333334;77.16;0;0;1;0
2018-07-01;498.0;74.21;0.0;0.0;0.0;0.0;0.0;1.0;0.0;0.0;0.0;0.0;1.0;0.0;1.0;0.0;0.0;1.0;7;2018;3;0;0;-0.4999999999999997;-0.8660254037844387;496.0;555.0;79.23;77.56;516.3333333333334;77.0;0;0;1;0
2018-08-01;501.0;77.64;0.0;0.0;0.0;0.0;0.0;1.0;0.0;0.0;0.0;0.0;1.0;0.0;1.0;0.0;0.0;1.0;8;2018;3;0;0;-0.8660254037844383;-0.5000000000000003;498.0;496.0;74.21;79.23;498.3333333333333;77.02666666666666;0;0;1;0
2018-09-01;550.0;82.73;0.0;0.0;0.0;0.0;0.0;1.0;0.0;0.0;0.0;0.0;1.0;0.0;1.0;0.0;0.0;1.0;9;2018;3;0;0;-1.0;-1.8369701987210294e-16;501.0;498.0;77.64;74.21;516.3333333333334;78.19333333333333;0;0;1;0
2018-10-01;569.0;75.04;0.0;0.0;0.0;0.0;0.0;1.0;0.0;0.0;0.0;0.0;1.0;0.0;1.0;0.0;0.0;1.0;10;2018;4;0;0;-0.8660254037844385;0.5;550.0;501.0;82.73;77.64;540.0;78.47;0;0;1;0
2018-11-01;792.0;59.46;0.0;0.0;0.0;0.0;0.0;1.0;0.0;0.0;0.0;0.0;1.0;0.0;1.0;0.0;0.0;1.0;11;2018;4;0;0;-0.5000000000000003;0.8660254037844383;569.0;550.0;75.04;82.73;637.0;72.41;0;0;1;0
2018-12-01;823.0;54.02;0.0;0.0;0.0;0.0;0.0;1.0;0.0;0.0;0.0;0.0;1.0;0.0;1.0;0.0;0.0;1.0;12;2018;4;0;0;-2.4492935982947064e-16;1.0;792.0;569.0;59.46;75.04;728.0;62.84;0;0;1;0
2019-01-01;653.0;60.84;0.0;0.0;0.0;0.0;0.0;1.0;0.0;0.0;0.0;0.0;1.0;0.0;1.0;0.0;0.0;1.0;1;2019;1;1;0;0.4999999999999999;0.8660254037844386;823.0;792.0;54.02;59.46;756.0;58.10666666666666;0;0;1;0
2019-02-01;576.0;66.31;0.0;0.0;0.0;0.0;0.0;1.0;0.0;0.0;0.0;0.0;1.0;0.0;1.0;0.0;0.0;1.0;2;2019;1;0;0;0.8660254037844385;0.5000000000000001;653.0;823.0;60.84;54.02;684.0;60.38999999999999;0;0;1;0
2019-03-01;737.0;67.58;0.0;0.0;0.0;0.0;0.0;1.0;0.0;0.0;0.0;0.0;1.0;0.0;1.0;0.0;0.0;1.0;3;2019;1;0;0;1.0;6.123233995736766e-17;576.0;653.0;66.31;60.84;655.3333333333334;64.91;0;0;1;0
2019-04-01;567.0;72.06;0.0;0.0;0.0;0.0;0.0;1.0;0.0;0.0;0.0;0.0;1.0;0.0;1.0;0.0;0.0;1.0;4;2019;2;0;0;0.8660254037844387;-0.4999999999999997;737.0;576.0;67.58;66.31;626.6666666666666;68.64999999999999;0;0;1;0
2019-05-01;537.0;61.99;0.0;0.0;0.0;0.0;0.0;1.0;0.0;0.0;0.0;0.0;1.0;0.0;1.0;0.0;0.0;1.0;5;2019;2;0;0;0.4999999999999999;-0.8660254037844386;567.0;737.0;72.06;67.58;613.6666666666666;67.21;0;0;1;0
2019-06-01;539.0;64.74;0.0;0.0;0.0;0.0;0.0;1.0;0.0;0.0;0.0;0.0;1.0;0.0;1.0;0.0;0.0;1.0;6;2019;2;0;0;1.2246467991473532e-16;-1.0;537.0;567.0;61.99;72.06;547.6666666666666;66.26333333333334;0;0;1;0
2019-07-01;456.0;65.05;0.0;0.0;0.0;0.0;0.0;1.0;0.0;0.0;0.0;0.0;1.0;0.0;1.0;0.0;0.0;1.0;7;2019;3;0;0;-0.4999999999999997;-0.8660254037844387;539.0;537.0;64.74;61.99;510.6666666666667;63.926666666666655;0;0;1;0
2019-08-01;468.0;59.25;0.0;0.0;0.0;0.0;0.0;1.0;0.0;0.0;0.0;0.0;1.0;0.0;1.0;0.0;0.0;1.0;8;2019;3;0;0;-0.8660254037844383;-0.5000000000000003;456.0;539.0;65.05;64.74;487.6666666666667;63.01333333333332;0;0;1;0
2019-09-01;468.0;59.25;0.0;0.0;0.0;0.0;0.0;1.0;0.0;0.0;0.0;0.0;1.0;0.0;1.0;0.0;0.0;1.0;9;2019;3;0;0;-1.0;-1.8369701987210294e-16;468.0;456.0;59.25;65.05;464.0;61.18333333333333;0;0;1;0
2019-10-01;693.0;59.62;0.0;0.0;0.0;0.0;0.0;1.0;0.0;0.0;0.0;0.0;1.0;0.0;1.0;0.0;0.0;1.0;10;2019;4;0;0;-0.8660254037844385;0.5;468.0;468.0;59.25;59.25;543.0;59.37333333333333;0;0;1;0
2019-11-01;923.0;60.49;0.0;0.0;0.0;0.0;0.0;1.0;0.0;0.0;0.0;0.0;1.0;0.0;1.0;0.0;0.0;1.0;11;2019;4;0;0;-0.5000000000000003;0.8660254037844383;693.0;468.0;59.62;59.25;694.6666666666666;59.78666666666666;0;0;1;0
2019-12-01;952.0;65.29;0.0;0.0;0.0;0.0;0.0;1.0;0.0;0.0;0.0;0.0;1.0;0.0;1.0;0.0;0.0;1.0;12;2019;4;0;0;-2.4492935982947064e-16;1.0;923.0;693.0;60.49;59.62;856.0;61.79999999999999;0;0;1;0
2020-01-01;615.0;56.62;0.0;0.0;0.0;0.0;0.0;1.0;0.0;0.0;0.0;0.0;1.0;0.0;1.0;0.0;0.0;1.0;1;2020;1;1;0;0.4999999999999999;0.8660254037844386;952.0;923.0;65.29;60.49;830.0;60.79999999999999;0;0;1;0
2020-02-01;652.0;49.67;0.0;0.0;0.0;0.0;0.0;1.0;0.0;0.0;0.0;0.0;1.0;0.0;1.0;0.0;0.0;1.0;2;2020;1;0;0;0.8660254037844385;0.5000000000000001;615.0;952.0;56.62;65.29;739.6666666666666;57.19333333333333;0;0;1;0
2020-03-01;866.0;26.35;1.0;0.0;0.0;0.0;0.0;0.0;0.0;0.0;0.0;0.0;1.0;0.0;1.0;0.0;1.0;0.0;3;2020;1;0;0;1.0;6.123233995736766e-17;652.0;615.0;49.67;56.62;711.0;44.21333333333333;1;0;1;1
2020-04-01;1912.0;26.48;1.0;0.0;0.0;0.0;0.0;0.0;0.0;0.0;0.0;0.0;1.0;0.0;1.0;0.0;1.0;0.0;4;2020;2;0;0;0.8660254037844387;-0.4999999999999997;866.0;652.0;26.35;49.67;1143.3333333333333;34.166666666666664;1;0;1;1
2020-05-01;587.0;37.84;1.0;0.0;0.0;0.0;0.0;0.0;0.0;0.0;0.0;0.0;1.0;0.0;1.0;0.0;1.0;0.0;5;2020;2;0;0;0.4999999999999999;-0.8660254037844386;1912.0;866.0;26.48;26.35;1121.6666666666667;30.22333333333333;1;0;1;1
2020-06-01;396.0;41.27;1.0;0.0;0.0;0.0;0.0;0.0;0.0;0.0;0.0;0.0;1.0;0.0;1.0;0.0;1.0;0.0;6;2020;2;0;0;1.2246467991473532e-16;-1.0;587.0;1912.0;37.84;26.48;965.0;35.196666666666665;1;0;1;1
2020-07-01;356.0;43.52;1.0;0.0;0.0;0.0;0.0;0.0;0.0;0.0;0.0;0.0;1.0;0.0;1.0;0.0;1.0;0.0;7;2020;3;0;0;-0.4999999999999997;-0.8660254037844387;396.0;587.0;41.27;37.84;446.3333333333333;40.876666666666665;1;0;1;1
2020-08-01;485.0;45.66;1.0;0.0;0.0;0.0;0.0;0.0;0.0;0.0;0.0;0.0;1.0;0.0;1.0;0.0;1.0;0.0;8;2020;3;0;0;-0.8660254037844383;-0.5000000000000003;356.0;396.0;43.52;41.27;412.3333333333333;43.48333333333333;1;0;1;1
2020-09-01;373.0;42.3;1.0;0.0;0.0;0.0;0.0;0.0;0.0;0.0;0.0;0.0;1.0;0.0;1.0;0.0;1.0;0.0;9;2020;3;0;0;-1.0;-1.8369701987210294e-16;485.0;356.0;45.66;43.52;404.6666666666667;43.82666666666666;1;0;1;1
2020-10-01;312.0;37.94;1.0;0.0;0.0;0.0;0.0;0.0;0.0;0.0;0.0;0.0;1.0;0.0;1.0;0.0;1.0;0.0;10;2020;4;0;0;-0.8660254037844385;0.5;373.0;485.0;42.3;45.66;390.0;41.96666666666666;1;0;1;1
2020-11-01;351.0;47.88;1.0;0.0;0.0;0.0;0.0;0.0;0.0;0.0;0.0;0.0;1.0;0.0;1.0;0.0;1.0;0.0;11;2020;4;0;0;-0.5000000000000003;0.8660254037844383;312.0;373.0;37.94;42.3;345.3333333333333;42.70666666666667;1;0;1;1
2020-12-01;385.0;51.82;1.0;0.0;0.0;0.0;0.0;0.0;0.0;0.0;0.0;0.0;1.0;0.0;1.0;0.0;1.0;0.0;12;2020;4;0;0;-2.4492935982947064e-16;1.0;351.0;312.0;47.88;37.94;349.3333333333333;45.88;1;0;1;1
2021-01-01;511.0;55.04;0.0;0.0;0.0;0.0;0.0;1.0;0.0;0.0;0.0;0.0;1.0;0.0;1.0;0.0;1.0;0.0;1;2021;1;1;0;0.4999999999999999;0.8660254037844386;385.0;351.0;51.82;47.88;415.6666666666667;51.580000000000005;0;0;1;1
2021-02-01;526.0;64.42;0.0;0.0;0.0;0.0;0.0;1.0;0.0;0.0;0.0;0.0;1.0;0.0;1.0;0.0;1.0;0.0;2;2021;1;0;0;0.8660254037844385;0.5000000000000001;511.0;385.0;55.04;51.82;474.0;57.09333333333333;0;0;1;1
2021-03-01;643.0;62.74;0.0;0.0;0.0;0.0;0.0;1.0;0.0;0.0;0.0;0.0;1.0;0.0;1.0;0.0;1.0;0.0;3;2021;1;0;0;1.0;6.123233995736766e-17;526.0;511.0;64.42;55.04;560.0;60.73333333333333;0;0;1;1
2021-04-01;469.0;66.76;0.0;0.0;0.0;0.0;0.0;1.0;0.0;0.0;0.0;0.0;1.0;0.0;1.0;0.0;1.0;0.0;4;2021;2;0;0;0.8660254037844387;-0.4999999999999997;643.0;526.0;62.74;64.42;546.0;64.64;0;0;1;1
2021-05-01;509.0;68.95;0.0;0.0;0.0;0.0;0.0;1.0;0.0;0.0;0.0;0.0;1.0;0.0;1.0;0.0;1.0;0.0;5;2021;2;0;0;0.4999999999999999;-0.8660254037844386;469.0;643.0;66.76;62.74;540.3333333333334;66.14999999999999;0;0;1;1
2021-06-01;447.0;74.62;0.0;0.0;0.0;0.0;0.0;1.0;0.0;0.0;0.0;0.0;1.0;0.0;1.0;0.0;1.0;0.0;6;2021;2;0;0;1.2246467991473532e-16;-1.0;509.0;469.0;68.95;66.76;475.0;70.11;0;0;1;1
2021-07-01;488.0;75.41;0.0;0.0;0.0;0.0;0.0;1.0;0.0;0.0;0.0;0.0;1.0;0.0;1.0;0.0;1.0;0.0;7;2021;3;0;0;-0.4999999999999997;-0.8660254037844387;447.0;509.0;74.62;68.95;481.3333333333333;72.99333333333334;0;0;1;1
2021-08-01;535.0;71.63;0.0;0.0;0.0;0.0;0.0;1.0;0.0;0.0;0.0;0.0;1.0;0.0;1.0;0.0;1.0;0.0;8;2021;3;0;0;-0.8660254037844383;-0.5000000000000003;488.0;447.0;75.41;74.62;490.0;73.88666666666667;0;0;1;1
2021-09-01;496.0;78.31;0.0;0.0;0.0;0.0;0.0;1.0;0.0;0.0;0.0;0.0;1.0;0.0;1.0;0.0;1.0;0.0;9;2021;3;0;0;-1.0;-1.8369701987210294e-16;535.0;488.0;71.63;75.41;506.3333333333333;75.11666666666667;0;0;1;1
2021-10-01;568.0;83.72;0.0;0.0;0.0;0.0;0.0;1.0;0.0;0.0;0.0;0.0;1.0;0.0;1.0;0.0;1.0;0.0;10;2021;4;0;0;-0.8660254037844385;0.5;496.0;535.0;78.31;71.63;533.0;77.88666666666666;0;0;1;1
2021-11-01;636.0;69.23;0.0;0.0;0.0;0.0;0.0;1.0;0.0;0.0;0.0;0.0;1.0;0.0;1.0;0.0;1.0;0.0;11;2021;4;0;0;-0.5000000000000003;0.8660254037844383;568.0;496.0;83.72;78.31;566.6666666666666;77.08666666666666;0;0;1;1
2021-12-01;788.0;77.35;0.0;0.0;0.0;0.0;0.0;1.0;0.0;0.0;0.0;0.0;1.0;0.0;1.0;0.0;1.0;0.0;12;2021;4;0;0;-2.4492935982947064e-16;1.0;636.0;568.0;69.23;83.72;664.0;76.76666666666667;0;0;1;1
2022-01-01;560.0;89.26;0.0;0.0;0.0;1.0;0.0;0.0;0.0;0.0;0.0;0.0;1.0;0.0;1.0;0.0;1.0;0.0;1;2022;1;1;0;0.4999999999999999;0.8660254037844386;788.0;636.0;77.35;69.23;661.3333333333334;78.61333333333333;1;0;1;1
2022-02-01;731.0;97.97;0.0;0.0;0.0;1.0;0.0;0.0;0.0;0.0;0.0;1.0;0.0;0.0;1.0;0.0;0.0;1.0;2;2022;1;0;0;0.8660254037844385;0.5000000000000001;560.0;788.0;89.26;77.35;693.0;88.19333333333333;1;1;1;0
2022-03-01;921.0;104.71;0.0;0.0;0.0;1.0;0.0;0.0;0.0;0.0;0.0;1.0;0.0;0.0;1.0;0.0;0.0;1.0;3;2022;1;0;0;1.0;6.123233995736766e-17;731.0;560.0;97.97;89.26;737.3333333333334;97.31333333333332;1;1;1;0
2022-04-01;1255.0;107.14;0.0;0.0;0.0;1.0;0.0;0.0;0.0;0.0;0.0;1.0;0.0;0.0;1.0;0.0;0.0;1.0;4;2022;2;0;0;0.8660254037844387;-0.4999999999999997;921.0;731.0;104.71;97.97;969.0;103.27333333333333;1;1;1;0
2022-05-01;1426.0;115.6;0.0;0.0;0.0;1.0;0.0;0.0;0.0;0.0;0.0;1.0;0.0;0.0;1.0;0.0;0.0;1.0;5;2022;2;0;0;0.4999999999999999;-0.8660254037844386;1255.0;921.0;107.14;104.71;1200.6666666666667;109.15;1;1;1;0
2022-06-01;1566.0;109.03;0.0;0.0;0.0;1.0;0.0;0.0;0.0;0.0;0.0;1.0;0.0;0.0;1.0;0.0;0.0;1.0;6;2022;2;0;0;1.2246467991473532e-16;-1.0;1426.0;1255.0;115.6;107.14;1415.6666666666667;110.59;1;1;1;0
2022-07-01;1363.0;103.97;0.0;0.0;0.0;1.0;0.0;0.0;0.0;0.0;0.0;1.0;0.0;0.0;1.0;0.0;0.0;1.0;7;2022;3;0;0;-0.4999999999999997;-0.8660254037844387;1566.0;1426.0;109.03;115.6;1451.6666666666667;109.53333333333336;1;1;1;0
2022-08-01;1236.0;95.64;0.0;0.0;0.0;1.0;0.0;0.0;0.0;0.0;0.0;1.0;0.0;0.0;1.0;0.0;0.0;1.0;8;2022;3;0;0;-0.8660254037844383;-0.5000000000000003;1363.0;1566.0;103.97;109.03;1388.3333333333333;102.88;1;1;1;0
2022-09-01;1162.0;85.14;0.0;0.0;0.0;1.0;0.0;0.0;0.0;0.0;0.0;1.0;0.0;0.0;1.0;0.0;0.0;1.0;9;2022;3;0;0;-1.0;-1.8369701987210294e-16;1236.0;1363.0;95.64;103.97;1253.6666666666667;94.91666666666669;1;1;1;0
2022-10-01;1213.0;92.81;0.0;0.0;0.0;1.0;0.0;0.0;0.0;0.0;0.0;1.0;0.0;0.0;1.0;0.0;0.0;1.0;10;2022;4;0;0;-0.8660254037844385;0.5;1162.0;1236.0;85.14;95.64;1203.6666666666667;91.19666666666666;1;1;1;0
2022-11-01;1816.0;86.97;0.0;0.0;0.0;1.0;0.0;0.0;0.0;0.0;0.0;1.0;0.0;0.0;1.0;0.0;0.0;1.0;11;2022;4;0;0;-0.5000000000000003;0.8660254037844383;1213.0;1162.0;92.81;85.14;1397.0;88.30666666666667;1;1;1;0
2022-12-01;2135.0;85.65;0.0;0.0;0.0;1.0;0.0;0.0;0.0;0.0;0.0;1.0;0.0;0.0;1.0;0.0;0.0;1.0;12;2022;4;0;0;-2.4492935982947064e-16;1.0;1816.0;1213.0;86.97;92.81;1721.3333333333333;88.47666666666667;1;1;1;0
2023-01-01;643.0;85.46;0.0;0.0;0.0;1.0;0.0;0.0;0.0;0.0;0.0;1.0;0.0;0.0;1.0;0.0;0.0;1.0;1;2023;1;1;0;0.4999999999999999;0.8660254037844386;2135.0;1816.0;85.65;86.97;1531.3333333333333;86.02666666666669;1;1;1;0
2023-02-01;847.0;83.45;0.0;0.0;0.0;1.0;0.0;0.0;0.0;0.0;0.0;1.0;0.0;0.0;1.0;0.0;0.0;1.0;2;2023;1;0;0;0.8660254037844385;0.5000000000000001;643.0;2135.0;85.46;85.65;1208.3333333333333;84.85333333333334;1;1;1;0
2023-03-01;1248.0;79.89;0.0;0.0;0.0;1.0;0.0;0.0;0.0;0.0;0.0;1.0;0.0;0.0;1.0;0.0;0.0;1.0;3;2023;1;0;0;1.0;6.123233995736766e-17;847.0;643.0;83.45;85.46;912.6666666666666;82.93333333333334;1;1;1;0
2023-04-01;752.0;80.33;0.0;0.0;0.0;1.0;0.0;0.0;0.0;0.0;0.0;1.0;0.0;0.0;1.0;0.0;0.0;1.0;4;2023;2;0;0;0.8660254037844387;-0.4999999999999997;1248.0;847.0;79.89;83.45;949.0;81.22333333333334;1;1;1;0
2023-05-01;674.0;72.6;0.0;0.0;0.0;1.0;0.0;0.0;0.0;0.0;0.0;1.0;0.0;0.0;1.0;0.0;0.0;1.0;5;2023;2;0;0;0.4999999999999999;-0.8660254037844386;752.0;1248.0;80.33;79.89;891.3333333333334;77.60666666666667;1;1;1;0
2023-06-01;620.0;75.41;0.0;0.0;0.0;1.0;0.0;0.0;0.0;0.0;0.0;1.0;0.0;0.0;1.0;0.0;0.0;1.0;6;2023;2;0;0;1.2246467991473532e-16;-1.0;674.0;752.0;72.6;80.33;682.0;76.11333333333333;1;1;1;0
2023-07-01;704.0;85.43;0.0;0.0;0.0;1.0;0.0;0.0;0.0;0.0;0.0;1.0;0.0;0.0;1.0;0.0;0.0;1.0;7;2023;3;0;0;-0.4999999999999997;-0.8660254037844387;620.0;674.0;75.41;72.6;666.0;77.81333333333333;1;1;1;0
2023-08-01;847.0;86.83;0.0;0.0;0.0;1.0;0.0;0.0;0.0;0.0;0.0;1.0;0.0;0.0;1.0;0.0;0.0;1.0;8;2023;3;0;0;-0.8660254037844383;-0.5000000000000003;704.0;620.0;85.43;75.41;723.6666666666666;82.55666666666666;1;1;1;0
2023-09-01;813.0;92.2;0.0;0.0;0.0;1.0;0.0;0.0;0.0;0.0;0.0;1.0;0.0;0.0;1.0;0.0;0.0;1.0;9;2023;3;0;0;-1.0;-1.8369701987210294e-16;847.0;704.0;86.83;85.43;788.0;88.15333333333332;1;1;1;0
2023-10-01;780.0;85.02;0.0;0.0;0.0;1.0;0.0;0.0;0.0;0.0;0.0;1.0;0.0;0.0;1.0;0.0;0.0;1.0;10;2023;4;0;0;-0.8660254037844385;0.5;813.0;847.0;92.2;86.83;813.3333333333334;88.01666666666665;1;1;1;0
2023-11-01;834.0;80.86;0.0;0.0;0.0;1.0;0.0;0.0;0.0;0.0;0.0;1.0;0.0;0.0;1.0;0.0;0.0;1.0;11;2023;4;0;0;-0.5000000000000003;0.8660254037844383;780.0;813.0;85.02;92.2;809.0;86.02666666666666;1;1;1;0
2023-12-01;960.0;77.04;0.0;0.0;0.0;1.0;0.0;0.0;0.0;0.0;0.0;1.0;0.0;0.0;1.0;0.0;0.0;1.0;12;2023;4;0;0;-2.4492935982947064e-16;1.0;834.0;780.0;80.86;85.02;858.0;80.97333333333334;1;1;1;0
2024-01-01;1208.0;81.71;0.0;0.0;0.0;0.0;0.0;1.0;0.0;0.0;0.0;1.0;0.0;0.0;1.0;0.0;0.0;1.0;1;2024;1;1;0;0.4999999999999999;0.8660254037844386;960.0;834.0;77.04;80.86;1000.6666666666666;79.87;0;1;1;0
2024-02-01;1014.0;81.91;0.0;0.0;0.0;0.0;0.0;1.0;0.0;0.0;0.0;1.0;0.0;0.0;1.0;0.0;0.0;1.0;2;2024;1;0;0;0.8660254037844385;0.5000000000000001;1208.0;960.0;81.71;77.04;1060.6666666666667;80.21999999999998;0;1;1;0
2024-03-01;1072.0;87.0;0.0;0.0;0.0;0.0;0.0;1.0;0.0;0.0;0.0;1.0;0.0;0.0;1.0;0.0;0.0;1.0;3;2024;1;0;0;1.0;6.123233995736766e-17;1014.0;1208.0;81.91;81.71;1098.0;83.54;0;1;1;0
2024-04-01;926.0;86.33;0.0;0.0;0.0;0.0;0.0;1.0;0.0;0.0;0.0;1.0;0.0;0.0;1.0;0.0;0.0;1.0;4;2024;2;0;0;0.8660254037844387;-0.4999999999999997;1072.0;1014.0;87.0;81.91;1004.0;85.08;0;1;1;0
2024-05-01;1023.0;81.11;0.0;0.0;0.0;0.0;0.0;1.0;0.0;0.0;0.0;1.0;0.0;0.0;1.0;0.0;0.0;1.0;5;2024;2;0;0;0.4999999999999999;-0.8660254037844386;926.0;1072.0;86.33;87.0;1007.0;84.81333333333333;0;1;1;0
2024-06-01;834.0;85.0;0.0;0.0;0.0;0.0;0.0;1.0;0.0;0.0;0.0;1.0;0.0;0.0;1.0;0.0;0.0;1.0;6;2024;2;0;0;1.2246467991473532e-16;-1.0;1023.0;926.0;81.11;86.33;927.6666666666666;84.14666666666666;0;1;1;0
2024-07-01;778.0;80.84;0.0;0.0;0.0;0.0;0.0;1.0;0.0;0.0;0.0;1.0;0.0;0.0;1.0;0.0;0.0;1.0;7;2024;3;0;0;-0.4999999999999997;-0.8660254037844387;834.0;1023.0;85.0;81.11;878.3333333333334;82.31666666666666;0;1;1;0
2024-08-01;614.0;76.93;0.0;0.0;0.0;0.0;0.0;1.0;0.0;0.0;0.0;1.0;0.0;0.0;1.0;0.0;0.0;1.0;8;2024;3;0;0;-0.8660254037844383;-0.5000000000000003;778.0;834.0;80.84;85.0;742.0;80.92333333333333;0;1;1;0
2024-09-01;554.0;71.77;0.0;0.0;0.0;0.0;0.0;1.0;0.0;0.0;0.0;1.0;0.0;0.0;1.0;0.0;0.0;1.0;9;2024;3;0;0;-1.0;-1.8369701987210294e-16;614.0;778.0;76.93;80.84;648.6666666666666;76.51333333333334;0;1;1;0
2024-10-01;523.0;72.81;0.0;0.0;0.0;0.0;0.0;1.0;0.0;0.0;0.0;1.0;0.0;0.0;1.0;0.0;0.0;1.0;10;2024;4;0;0;-0.8660254037844385;0.5;554.0;614.0;71.77;76.93;563.6666666666666;73.83666666666666;0;1;1;0
2024-11-01;663.0;71.84;0.0;0.0;0.0;0.0;0.0;1.0;0.0;0.0;0.0;1.0;0.0;0.0;1.0;0.0;0.0;1.0;11;2024;4;0;0;-0.5000000000000003;0.8660254037844383;523.0;554.0;72.81;71.77;580.0;72.14;0;1;1;0
2024-12-01;625.0;74.24;0.0;0.0;0.0;0.0;0.0;1.0;0.0;0.0;0.0;1.0;0.0;0.0;1.0;0.0;0.0;1.0;12;2024;4;0;0;-2.4492935982947064e-16;1.0;663.0;523.0;71.84;72.81;603.6666666666666;72.96333333333332;0;1;1;0
2025-01-01;662.0;75.67;0.0;0.0;0.0;0.0;0.0;1.0;0.0;0.0;0.0;1.0;0.0;0.0;1.0;0.0;0.0;1.0;1;2025;1;1;0;0.4999999999999999;0.8660254037844386;625.0;663.0;74.24;71.84;650.0;73.91666666666667;0;1;1;0
2025-02-01;670.0;72.81;0.0;0.0;0.0;0.0;0.0;1.0;0.0;0.0;0.0;1.0;0.0;0.0;1.0;0.0;0.0;1.0;2;2025;1;0;0;0.8660254037844385;0.5000000000000001;662.0;625.0;75.67;74.24;652.3333333333334;74.24;0;1;1;0
2025-03-01;660.0;70.88;0.0;0.0;0.0;0.0;0.0;1.0;0.0;0.0;0.0;1.0;0.0;0.0;1.0;0.0;0.0;1.0;3;2025;1;0;0;1.0;6.123233995736766e-17;670.0;662.0;72.81;75.67;664.0;73.12;0;1;1;0
2025-04-01;664.0;73.12;0.0;0.0;0.0;0.0;0.0;1.0;0.0;0.0;0.0;0.0;1.0;0.0;0.0;1.0;0.0;1.0;4;2025;2;0;0;0.8660254037844387;-0.4999999999999998;660.0;670.0;70.88;72.81;664.6666666666666;72.27;0;0;0;0
2025-05-01;665.0;71.845;0.0;0.0;0.0;0.0;0.0;1.0;0.0;0.0;0.0;0.0;1.0;0.0;0.0;1.0;0.0;1.0;5;2025;2;0;0;0.4999999999999999;-0.8660254037844387;664.0;660.0;73.12;70.88;663.0;71.94833333333334;0;0;0;0
2025-06-01;660.0;70.88;0.0;0.0;0.0;0.0;0.0;1.0;0.0;0.0;0.0;0.0;1.0;0.0;0.0;1.0;0.0;1.0;6;2025;2;0;0;1.2246467991473532e-16;-1.0;665.0;664.0;71.845;73.12;663.0;71.94833333333334;0;0;0;0
2025-07-01;;83.2725879064817;0.0;0.0;0.0;0.0;0.0;1.0;0.0;0.0;0.0;0.0;1.0;0.0;0.0;1.0;0.0;1.0;7;2025;3;0;0;-0.4999999999999997;-0.8660254037844388;660.0;665.0;70.88;71.845;;;0;0;0;0
2025-08-01;;81.53203092165076;0.0;0.0;0.0;0.0;0.0;1.0;0.0;0.0;0.0;0.0;1.0;0.0;0.0;1.0;0.0;1.0;8;2025;3;0;0;-0.8660254037844383;-0.5000000000000004;;660.0;;70.88;;;0;0;0;0
2025-09-01;;81.98008224138464;0.0;0.0;0.0;0.0;0.0;1.0;0.0;0.0;0.0;0.0;1.0;0.0;0.0;1.0;0.0;1.0;9;2025;3;0;0;-1.0;-1.8369701987210297e-16;;;;;;;0;0;0;0
2025-10-01;;82.56770035304307;0.0;0.0;0.0;0.0;0.0;1.0;0.0;0.0;0.0;0.0;1.0;0.0;0.0;1.0;0.0;1.0;10;2025;4;0;0;-0.8660254037844385;0.5000000000000001;;;;;;;0;0;0;0
2025-11-01;;82.92677298382982;0.0;0.0;0.0;0.0;0.0;1.0;0.0;0.0;0.0;0.0;1.0;0.0;0.0;1.0;0.0;1.0;11;2025;4;0;0;-0.5000000000000003;0.8660254037844384;;;;;;;0;0;0;0
2025-12-01;;82.70483304515169;0.0;0.0;0.0;0.0;0.0;1.0;0.0;0.0;0.0;0.0;1.0;0.0;0.0;1.0;0.0;1.0;12;2025;4;0;0;-2.4492935982947064e-16;1.0;;;;;;;0;0;0;0
2026-01-01;;80.6172059827375;0.0;0.0;0.0;0.0;0.0;1.0;0.0;0.0;0.0;0.0;1.0;0.0;0.0;1.0;0.0;1.0;1;2026;1;1;0;0.4999999999999999;0.8660254037844387;;;;;;;0;0;0;0
2026-02-01;;78.4861160978196;0.0;0.0;0.0;0.0;0.0;1.0;0.0;0.0;0.0;0.0;1.0;0.0;0.0;1.0;0.0;1.0;2;2026;1;0;0;0.8660254037844385;0.5000000000000001;;;;;;;0;0;0;0
2026-03-01;;77.40554320517506;0.0;0.0;0.0;0.0;0.0;1.0;0.0;0.0;0.0;0.0;1.0;0.0;0.0;1.0;0.0;1.0;3;2026;1;0;0;1.0;6.123233995736766e-17;;;;;;;0;0;0;0
2026-04-01;;78.94539974147145;0.0;0.0;0.0;0.0;0.0;1.0;0.0;0.0;0.0;0.0;1.0;0.0;0.0;1.0;0.0;1.0;4;2026;2;0;0;0.8660254037844387;-0.4999999999999998;;;;;;;0;0;0;0
2026-05-01;;77.02946929089649;0.0;0.0;0.0;0.0;0.0;1.0;0.0;0.0;0.0;0.0;1.0;0.0;0.0;1.0;0.0;1.0;5;2026;2;0;0;0.4999999999999999;-0.8660254037844387;;;;;;;0;0;0;0
2026-06-01;;77.12731985303778;0.0;0.0;0.0;0.0;0.0;1.0;0.0;0.0;0.0;0.0;1.0;0.0;0.0;1.0;0.0;1.0;6;2026;2;0;0;1.2246467991473532e-16;-1.0;;;;;;;0;0;0;0
2026-07-01;;83.67864314469006;0.0;0.0;0.0;0.0;0.0;1.0;0.0;0.0;0.0;0.0;1.0;0.0;0.0;1.0;0.0;1.0;7;2026;3;0;0;-0.4999999999999997;-0.8660254037844388;;;;;;;0;0;0;0
2026-08-01;;81.68737929989763;0.0;0.0;0.0;0.0;0.0;1.0;0.0;0.0;0.0;0.0;1.0;0.0;0.0;1.0;0.0;1.0;8;2026;3;0;0;-0.8660254037844383;-0.5000000000000004;;;;;;;0;0;0;0
2026-09-01;;83.06129335687253;0.0;0.0;0.0;0.0;0.0;1.0;0.0;0.0;0.0;0.0;1.0;0.0;0.0;1.0;0.0;1.0;9;2026;3;0;0;-1.0;-1.8369701987210297e-16;;;;;;;0;0;0;0
2026-10-01;;82.32347751480486;0.0;0.0;0.0;0.0;0.0;1.0;0.0;0.0;0.0;0.0;1.0;0.0;0.0;1.0;0.0;1.0;10;2026;4;0;0;-0.8660254037844385;0.5000000000000001;;;;;;;0;0;0;0
2026-11-01;;83.44139531583653;0.0;0.0;0.0;0.0;0.0;1.0;0.0;0.0;0.0;0.0;1.0;0.0;0.0;1.0;0.0;1.0;11;2026;4;0;0;-0.5000000000000003;0.8660254037844384;;;;;;;0;0;0;0
2026-12-01;;81.44406740436006;0.0;0.0;0.0;0.0;0.0;1.0;0.0;0.0;0.0;0.0;1.0;0.0;0.0;1.0;0.0;1.0;12;2026;4;0;0;-2.4492935982947064e-16;1.0;;;;;;;0;0;0;0
2027-01-01;;78.30534383006794;0.0;0.0;0.0;0.0;0.0;1.0;0.0;0.0;0.0;0.0;1.0;0.0;0.0;1.0;0.0;1.0;1;2027;1;1;0;0.4999999999999999;0.8660254037844387;;;;;;;0;0;0;0
2027-02-01;;81.89198897426469;0.0;0.0;0.0;0.0;0.0;1.0;0.0;0.0;0.0;0.0;1.0;0.0;0.0;1.0;0.0;1.0;2;2027;1;0;0;0.8660254037844385;0.5000000000000001;;;;;;;0;0;0;0
2027-03-01;;80.43624749138215;0.0;0.0;0.0;0.0;0.0;1.0;0.0;0.0;0.0;0.0;1.0;0.0;0.0;1.0;0.0;1.0;3;2027;1;0;0;1.0;6.123233995736766e-17;;;;;;;0;0;0;0
;;76.21549090817604;;;;;;;;;;;;;;;;;;;;;;;;;;;;;;;;;
;;78.0281681004357;;;;;;;;;;;;;;;;;;;;;;;;;;;;;;;;;
;;76.75508455102592;;;;;;;;;;;;;;;;;;;;;;;;;;;;;;;;;
;;83.68549879627004;;;;;;;;;;;;;;;;;;;;;;;;;;;;;;;;;
;;85.27935359000466;;;;;;;;;;;;;;;;;;;;;;;;;;;;;;;;;
;;83.46753506614061;;;;;;;;;;;;;;;;;;;;;;;;;;;;;;;;;
;;85.43478631646228;;;;;;;;;;;;;;;;;;;;;;;;;;;;;;;;;
;;81.22167378180184;;;;;;;;;;;;;;;;;;;;;;;;;;;;;;;;;
;;79.66093775218442;;;;;;;;;;;;;;;;;;;;;;;;;;;;;;;;;
;;79.06505503868449;;;;;;;;;;;;;;;;;;;;;;;;;;;;;;;;;
;;81.26229254671634;;;;;;;;;;;;;;;;;;;;;;;;;;;;;;;;;
;;80.29357562764643;;;;;;;;;;;;;;;;;;;;;;;;;;;;;;;;;